제목,내용
[바다]  제2장 갯바위 릴 찌 낚싯대의 올바른 이해와 선택,"[바다]  제2장 갯바위 릴 찌 낚싯대의 올바른 이해와 선택

							
								
								
									박원모
								
							



조회수조회수 909
좋아요 수좋아요 수 0




 








지금과 같이 글라스나 카본 같은 첨단 낚싯대 소재가 개발되기 전에는 대나무가 유일한 낚싯대의 소재였다.1950년대 후반에 유리섬유를 소재로 한 뽑기 식 화이바그라스(Fiber glass)낚싯대가 탄생하면서 대단한 인기를 끌었지만 1980년대에 석유와 석탄에서 추출한 폴리아크릴 섬유를 고온에서 탄화시킨 카본(Carbon) 섬유가 개발되면서 현재는 가벼우면서 뛰어난 탄성의 카본 낚싯대가 대중화 되어있다.카본 낚싯대의 장점으로는 상당히 가볍다는 것과 유연하면서도 탄성이 뛰어나다는 것이지만 단점으로는 순간 충격에 잘 부러진다는 것이다.특히 초릿대 같은 경우는 가늘면서 강하기 때문에 매우 조심스럽게 다루어야 하고, 바늘이 바닥에 걸렸을 때 낚싯대를 힘껏 위로 당기면서 빼내려고 하다보면 3번대를 중심으로 몇 동강이 날 만큼 낚싯대 전체가 부러지는 경우가 많기 때문에 낚싯대를 뒤로 지긋이 당겨서 빼내는 것이 낚싯대를 부러트리지 않는 방법이다.​    ​ 바다 낚싯대는 크게 민장대와 릴을 장착해서 사용할 수 있는 릴낚싯대로 구분 되어있다.릴낚싯대 중에서도 원투(처넣기)용, 선상용, 갯바위용 등으로 구분되어 있으며, 원투용 낚싯대 같은 경우는 무거운 채비와 큰 미끼를 멀리 던져 넣기 쉽도록 전체적으로 무거우면서 튼튼하게 만들어져 있으며, 초릿대와 라인 가이드가 갯바위 낚싯대나 선상용 낚싯대에 비해 굵고 투박하면서 초릿대의 라인 가이드의 개수도 작은 편이다.선상용 릴 낚싯대의 경우는 멀리 던질 필요 없이 채비와 미끼를 수직으로 내리면 되기 때문에 대부분 낚싯대를 편 길이가 4.5m를 넘지 않을 정도로 짧으면서 강한 것이 특징이다.갯바위용 릴 낚싯대의 경우는 라인 가이드만 제외하면 민낚싯대와 흡사할 정도로 아주 예민하고 가볍게 만들어진 것이 특징이라 할 수 있다.민낚싯대와 릴낚싯대의 다른 점은 민낚시로는 갯바위 주변 10m 이내만 탐색할 수 있지만 릴낚싯대는 발밑 갯바위에서부터 100, 200m 거리까지 탐색과 공략을 할 수 있다는 것이 가장 큰 장점이다.​    릴 찌낚싯대는 카본을 소재로한 5마디의 몸통과 릴을 끼울 수 있는 릴 시트, 그리고 12개의 라인 가이드로 구성 되어 있으며 가이드와 초릿대를 보호할 수 있는 가이드 캡이 있다.낚싯대의 길이는 접었을 때 110~120cm, 마디를 다 빼서 편 길이가 5.3m 정도지만 메이커에 따라 약간의 차이가 있으며 6m가 넘는 릴 찌낚싯대가 나오기도 하지만 그리 많지 않은 편이다.낚싯대가 짧으면 목줄을 3m 이상 길게 사용하기가 힘들고 대상어의 입질이 있어 챔질을 해도 바늘에 까지 전달이 잘 되지 않는 문제점이 있으며, 너무 길면 무겁기도 하거니와 케스팅 할 때나 챔질할 때 갯바위나 주변 장애물에 잘 걸리기 때문에 특수한 경우의 장소가 아니면 거의 사용하지 않는다.​                                                              릴 찌낚싯대와 원투대 비교​    우리가 흔히 낚싯대를 연질과 경질로 구분 하는데 이것은 낚싯대 전체 길이를 십등분해서 대상어의 입질을 받았을 때 휘어지는 부분이 어디쯤부터인가를 보고 경질의 낚싯대인지 연질의 낚싯대인지를 구분하게 된다.낚싯대를 10등분해서 낚싯대의 휨새가 5:5 정도면 연질대, 6:4 휨새면 중경질대, 7:3 휨새면 경질대, 8:2 휨새면 초경질대로 분류하지만 이 휨새도 메이커나 사용하는 낚시인에 따라 조금씩 다르게(5:5면 초연질 6:4면 연질 등) 표기하기도 한다.낚시인들은 대상어에 따라서 손맛을 더욱 즐길 수 있는 연질대를 사용하기도 하고 빠른 제압을 위해 경질대를 사용하기도하지만 대부분의 낚시인들이 6:4의 중경질대나 7:3의 경질낚싯대를 가장 선호하는 편이다.​     낚싯대는 굵기나 강도에 따라서 각각의 호수로 나뉘어져 있지만 어떤 기준에 의해 호수가 결정되는지는 정확히 알려져 있지 않고 메이커마다 조금씩 기준이 다르며 같은 메이커 제품이라도 같은 호수가 같은 휨새와 같은 강도를 갖는다고 보기 어렵다.처음 호수를 정한 낚싯대 회사에서는 초릿대의 굵기(선경)가 0.8mm면 0.8호대, 1mm면 1호대, 이렇게 호수가 결정했다는 설과 만들어진 낚싯대가 사용할 수 있는 최저 목줄의 한계치를 호수로 정했다는 얘기도 있다.예를 들어 최저 목줄을 0.8호 정도를 사용할 수 있으면 0.8호대가 되는 것이고 1호 목줄까지 사용할 수 있으면 1호대가 된다는 것이지만 확인된 것은 없을뿐더러 지금은 낚싯대의 소재나 원줄, 목줄의 발전으로 인해 전혀 맞지 않고, 다만 0.6호대 이하는 망상어나 볼락등 소형급 어종을 낚을 때 사용할 수 있으며 0.8~1.2호는 감성돔과 벵에돔 전용대이긴 하지만 1호대 정도면 대형급의 감성돔은 물론, 우리나라 연안에서 만날 수 있는 벵에돔은 씨알이 그다지 크지 않기 때문에 많은 낚시인들이 갯바위나 방파제에서 1호대의 선호도가 가장 높은 편이다.1.5~1.7호대는 60cm급 이하의 참돔이나 대형급의 긴꼬리 벵에돔을 대상으로 사용되고 2~3호는 대형급 참돔이나 부시리 낚시에 알맞으며, 4~5호대는 원투낚시나 미터급 부시리나 방어낚시에 주로 사용된다.​   ※ 위 저작물에 대한 저작권은 작가에게 있음을 알려드립니다. 작가의 허락없이 저작물을 퍼가거나 사용할 수 없을을 알려드립니다.​




글/사진 
									
										
										
											박원모
										
									
								
현재 낚시채널 FTV 제작위원 및 국민 생활체육 대구낚시연합 자문위원으로 활동하고 있으며 섬과 섬사람들에 3년째 낚시관련 글을 연재하고 있습니다.

									본 콘텐츠의 저작권은 저자 또는 제공처에 있음을 알려드립니다.
									또한 무단으로 콘텐츠를 이용하는 경우 저작권법 등에 따라 법적 책임을 질 수 있으니 유의하시기 바랍니다.
								



추천 추천


























이전글 이전글
다음글 다음글


목록









[바다]  에필로그1. 기본 장비 및 소품




[바다]  에필로그4. 바다낚시의 예절과 안전대책




[바다]  에필로그3. 미끼와 밑밥에 관한 상식




[바다]  에필로그2. 해류와 조류(물때)에 관한 상식




[바다]  제10장 어종 별 입질 형태와 끌어내기, 바람과 낚시"
"[바다]  제3장 릴의 종류, 사용법과 선택","[바다]  제3장 릴의 종류, 사용법과 선택

							
								
								
									박원모
								
							



조회수조회수 837
좋아요 수좋아요 수 0




 








낚시는 수많은 장르에서 나름대로 발전과 진화를 거듭하고 있기 때문에 릴의 종류도 많아지고 기능 또한 상당히 복잡해지고 있다.스피닝릴(Spinning reel) 같은 경우만 하더라도 기능과 성능이 전혀 다른 많은 종류의 제품들이 개발되어 있기 때문에 선택의 폭이 넓어지고 어려워졌다고 할 수 있다.릴의 종류는 어떤 것들이 있는지, 어떻게 사용되어야 하며 내게는 어떤 릴이 맞는지 알아보도록 하자.​      베이트 릴 (Bait reel) : 케스팅(Casting)용, 선상용스피닝 릴(Spinning reel) :드랙 릴(Drag reel)LB 릴 : 레버브레이크 릴(Lever brake reel) LBD 릴 : 레버브레이크 드랙 릴(Lever brake Drag reel) LBCD릴 : 레버 브레이크 클러치 드랙 릴(Lever brake clutch Drag reel)  1) 베이트 릴흔히 장구통 릴이라 불리는 베이트 릴은 두 가지 종류가 있다 채비를 멀리 던져서 감아드리는 케스팅 용과 채비를 수직으로만 내리는 선상용으로 나눌 수 있는데 선상용은 채비를 수직으로 내리는 외줄낚시에 많이 사용되며 요즘은 갈치낚시나 심해낚시에는 전동 베이트 릴이 많이 사용되고 있다.케스팅용 베이트 릴은 루어낚시에 많이 사용되는데 민물의 쏘가리나 베스, 꺽지 등을 대상어로 하는 소형급 베이트 케스팅 릴과 바다에서 돌돔이나 강담돔, 다금바리 등 대형급 어종을 대상으로 하는 서프(Surf) 케스팅 릴로 나눌 수 있다.서프케스팅 릴도 베이트를 케스팅하기 때문에 베이트 케스팅 릴과 다를 바 없지만 바다의 대형급 어종을 대상으로 하는 중, 대형급의 케스팅 릴이라 생각하면 될 듯하다.베이트 케스팅릴이 스피닝 릴과 다른 점은 핸들을 감으면 좌 우 측판 사이에서 스플이 직접 회전하면서 줄을 감아 들이기 때문에 줄에 스핀(Spin)이 일어나지 않아 줄 꼬임이 생기지 않는다는 장점이 있다.​                           케스팅용 베이트 릴                          선상용 베이트 릴 2) 스피닝 릴스피닝 릴은 케스팅해서 줄이 풀려 나갈 때는 거침없이 풀려나가기 때문에 채비를 멀리 던지려는 목적으로 많이 사용되는 릴이며 줄을 감아 들일 때는 로터와 베일이 함께 회전하면서 줄을 감아 들여 고정되어있는 스풀에 줄을 감게 되는데 이때 발생하는 줄 꼬임 때문에 스피닝 릴이란 이름이 붙여지게 된 것이다.하지만 실전에서는 원줄과 목줄 사이 대부분 회전 도래를 사용하기 때문에 줄의 꼬임을 많이 해소시켜주고 베이트 릴과 같이 과다 회전으로 인한 퍼머(백 러시 Back rush)가 생기지 않기 때문에 초심자들도 사용하기 편리한 대중적인 릴이며 특히 갯바위 릴 찌낚시에서는 사용하기 편리하고 기어 비가 높기 때문에 대부분 스피닝 릴을 사용한다.  스피닝 릴의 종류와 사용법드랙 릴 :사진과 같이 스풀 앞에 드랙이 있으며 이 드랙은 조였다 풀었다 조절이 가능하게 되어있다.릴 찌낚시 채비를 보면 낚싯대를 보호하기 위해 낚싯대보다 한단계 약한 원줄을 사용하고 그 원줄에 찌와 수중찌 등 대부분의 소품들이 달려 있기 때문에 원줄 을 보호하기 위해 원줄보다 한 단계 내지 두 단계 약한 목줄을 사용하게 되는데 이것은 원줄의 인장력이 한계에 닿기 전에 원줄보다 약한 목줄이 먼저 끊어지면서 원줄을 보호해야 하기 때문이다.드랙은 시계방향으로 돌리면 잠기게 되고 반대 방향으로 돌리면 열리게 되는데 강하게 잠궈 놓으면 원줄을 큰 힘으로 당겨도 줄이 풀려 나가지 않지만 드랙을 많이 열어 놓으면 원줄을 작은 힘으로 당겨도 스플이 역회전 하면서 원줄이 풀려 나가게 되는 것이다.다시 얘기하면 그날 정한 대상어의 크기와 사용하는 목줄의 호수를 감안해서 드랙을 잘 조절해 놓으면 전체 채비 중 가장 약한 목줄의 인장력이 한계에 닿기 전에 스풀이 역회전하면서 줄이 풀려 나가는 것이다.이렇게 바늘에 걸린 대상어가 힘을 쓰면 스풀이 역회전 하면서 줄이 풀려 나가고 힘을 쓰지 않으면 릴의 핸들을 돌려 줄을 감아 드리기를 반복하면서 대상어의 힘이 빠지게 만드는 것이 드랙이 하는 일이다.여러 종류의 스피닝 릴 중 가장 기본 적이면서 사용이 편리하고 간단하기 때문에 많은 낚시인들이 선호하고 있으며 갯바위 낚시 초심자들도 쉽게 사용할 수 있는 릴이다.                               드랙 릴 LB 릴 (레버 브레이크 릴) :스풀 앞에 드랙이 없는 대신 릴 다리 밑에 길게 뻗어 나온 레버가 하나 있다.이 레버가 드랙 릴의 드랙이 하는 역할을 하는데, 레버를 밑으로 내려놓으면 잠기면서 아무리 힘껏 줄을 당겨도 줄이 풀려나가지 않지만 레버를 위로 당겨서 풀어 놓고 줄을 당기면 스풀은 고정되어 있는 반면 로터가 역회전 하면서 원줄이 풀려 나간다.대신 레버를 위로 힘껏 당기면 레버가 브레이크 역할을 하면서 풀려나가던 줄을 잡아 주고 레버를 조금 놓아주면 원줄이 풀려 나간다.드랙 릴은 낚시인이 조절해 놓은 만큼 스스로 역회전 하면서 원줄을 풀어준다면 LB 릴은 아무리 큰 힘이 가해져도 줄이 풀려나가지 않는 대신에 낚시인이 판단해서 원줄을 풀어주고 브레이크를 걸어서 줄을 감아 들이기를 반복하면서 고기의 힘을 빼는 것이 LB 릴의 장점이다.                            레버 브레이크 릴 LBD 릴 :레버 브레이크 릴에다 드랙을 더한 것으로 레버 브레이크 드랙 릴이라는 이름으로 불린다. 드랙과 레버 브레이크, 두 가지 릴의 장점을 다 가지고 있으며 현재의 낚시인들이 가장 선호하는 릴이다.                         레버 브레이크 드랙 릴    핸들을 한바퀴 돌렸을 때 로터가 회전하는 비율을 말하는 것으로 기어비가 높으면 빠르게 회전하면서 줄을 감아 들이는 속도가 좋은 반면 내구성에는 문제가 생길 수 있기 때문에 대형 릴일수록 기어비가 낮다.2500~3000번 릴은 5.2 : 15000번 릴은 4.6 : 18000번 릴은 4.2 : 1   ※ 위 저작물에 대한 저작권은 작가에게 있음을 알려드립니다. 작가의 허락없이 저작물을 퍼가거나 사용할 수 없을을 알려드립니다.  




글/사진 
									
										
										
											박원모
										
									
								
현재 낚시채널 FTV 제작위원 및 국민 생활체육 대구낚시연합 자문위원으로 활동하고 있으며 섬과 섬사람들에 3년째 낚시관련 글을 연재하고 있습니다.

									본 콘텐츠의 저작권은 저자 또는 제공처에 있음을 알려드립니다.
									또한 무단으로 콘텐츠를 이용하는 경우 저작권법 등에 따라 법적 책임을 질 수 있으니 유의하시기 바랍니다.
								



추천 추천


























이전글 이전글
다음글 다음글


목록









[바다]  에필로그1. 기본 장비 및 소품




[바다]  에필로그4. 바다낚시의 예절과 안전대책




[바다]  에필로그3. 미끼와 밑밥에 관한 상식




[바다]  에필로그2. 해류와 조류(물때)에 관한 상식




[바다]  제10장 어종 별 입질 형태와 끌어내기, 바람과 낚시"
[바다]  제4장 원줄과 목줄의 비교 선택,"[바다]  제4장 원줄과 목줄의 비교 선택

							
								
								
									박원모
								
							



조회수조회수 820
좋아요 수좋아요 수 0




 








낚시를 하기 위해서는 낚싯대나 릴도 중요하지만 원줄이나 목줄도 그 못지않게, 아니면 그보다 더 중요하다고 생각된다.낚싯대나 릴은 없어도 낚시라는 행위 자체는 할 수가 있지만 줄이 없다면 낚시 자체가 불가능하고 이 줄을 통해서 바늘에 걸린 대상어와 힘겨루기를 하면서 손맛도 볼 수 있기 때문이다.석기시대 유물로서 동물의 뼈나 돌과 나무로 만든 결합식 낚시 바늘이 아직 남아있는 것을 볼 수 있는데 낚시 바늘이 있다는 것은 낚싯줄도 존재했다는 얘기가 된다.짐작컨대 짐승의 털을 가늘게 꼬아 연결해서 낚싯줄로 사용했을 수도 있을 것이고 나무껍질 같은 섬유질이 강한 식물들을 현대의 우리들이 생각지 못하는 자신들만의 방법을 이용해 사용하지 않았을까 생각된다.실지로 그리 오래되지 않은 시대만 하더라도 여러 가닥을 꼬아서 만든 명주실이나 삼베를 만드는 마 같은 것으로 낚싯줄을 만들어 사용했지만 1930년대 후반에 미국의 듀퐁사에서 나일론을 발명하면서 낚시 줄 뿐만 아니라 낚시 전체에 많은 발전을 가져오게 된다.​     낚싯줄로 사용되는 것은 크게 두 가지로 나눌 수 있다.합연사와 외가닥(단사) 낚싯줄인데 합연사는 여러 가닥의 줄을 꼬아서 만든 것으로 합사, PE 라인, 케브라 라인(4가닥을 합쳐서 만들면 4합사, 6가닥을 합쳐서 만들면 6합사로 불림) 등이 있다.장점으로는 여러 가닥을 합치고 꼬아서 만들었기 때문에 줄의 늘어남은 거의 없으면서 질기고 강하다는 것이고, 베이트 릴의 원줄로 많이 사용되면서 이빨이 날카롭거나 힘이 센 어종(돌돔, 다금바리, 대형 혹돔, 복어, 갈치, 쥐치 등)을 대상어로 할 때 목줄로도 많이 사용된다.​ 외가닥 낚싯줄(모노필라멘트 Mono filament)도 여러 가지가 있지만 크게 나일론(Nylon)줄과 플로로카본(Fluorocarbon)줄로 나뉜다.이 나일론 줄과 카본 줄은 릴 찌낚시에서 가장 많이 쓰이는 원줄과 목줄이지만 많은 낚시인들이 잘못 알고 있는 것 중에 나일론 줄만을 모노필라멘트로 알고 계시는 분들이 많은데, 모노필라멘트라는 것은 외가닥의 낚싯줄이 끝없이 이어지는 것을 말하며 낚싯줄을 만드는 형식(단일의 연속섬유)을 뜻하기 때문에 나일론 줄이나 카본 줄 모두 모노피라멘트 형식으로 만들어진다.​    나일론 줄은 원 재료가 나일론이라는 것은 다 알 것이고, 플로로카본 줄의 원 재료는 무엇일까.플로로카본 줄의 원 재료도 역시 나일론이다. 다만 여기에 카본과는 관계없는 불소수지를 첨가해서 만든 것을 우리는 플로로카본, 혹은 카본 줄이라 부른다.카본 줄은 나일론 줄에 비해 늘어남(신율)은 떨어지지만 재질이 강하고 비중이 높다는 것이 나일론 줄과는 다른 점이라 하겠다. 따라서 부드러우면서 신율이 좋은 나일론 줄을 원줄로 즐겨 사용하고 비중이 높으면서 단단하고 강한 카본 줄은 목줄로 많이 사용하고 있다.같은 호수, 같은 굵기의 나일론 줄과 카본 줄을 강도를 실험하는 기계에 걸어 놓고 1부터 100이라는 힘까지 당겨보면 카본 줄이 60정도의 힘에서 끊어진다면 나일론 줄은 70~80정도의 힘이 가해져야 끊어지는 것을 볼 수 있다.​                           여러 가지 원줄                   각각의 색을 가지고 있는 원줄 이런 이유는 줄의 신율 때문인데 강도는 카본 줄이 훨씬 강하지만 10~15%의 신율을 가진 나일론 줄은 한계치의 힘이 가해져도 줄이 늘어나면서 잘 끊어지지 않지만 카본 줄은 신율이 나일론 줄에 비해 크게 못 미치기 때문에 줄 자체는 강하고 질기지만 나일론 줄 보다 먼저 끊어지는 것이다.따라서 부드러우면서 신율과 인장강도가 좋은 나일론 줄을 원줄로 사용하고 강하고 질긴 카본 줄을 목줄로 사용하지만 더 중요한 것은 카본 줄은 수중 여(물속에 잠겨있는 암초) 쓸림에 강하다는 것이다.대상어를 낚아내고 난 뒤에 목줄을 보면 수중 여에 쓸려 너덜거리면서도 줄이 터지지 않는 것을 종종 볼 수가 있는데, 나일론 줄은 표면에 약간의 흠집만으로도 강도가 5~60%정도로 뚝 떨어지지만 카본 줄의 경우는 흠집이 생겨도 7~80% 정도의 강도를 유지해주기 때문이다.​                          여러 가지 목줄                          맑고 투명한 목줄 원줄과 목줄을 선택할 때 주의해야 할 사항으로는 목줄은 강하면서 부드러워야하며 살짝만 당겼다 놓아도 잘 펴지는 직선성과 투명도를 가져야하고 원줄은 잘 늘어났다가 복원이 잘 되어야하며 검은색 계열이나 과도하게 짙은 색은 피하는 것이 좋다.     원줄에도 여러 종류가 있다, 수면에 뜨는 원줄과 20~30cm 정도 수면 아래로 잠기는 원줄, 가만히 두면 바닥까지 내려가는 완전히 잠기는 원줄이 있는데 이것은 가는 원줄에 작은 구멍을 내고 그 곳에 공기가 들어있게 만들었기 때문인데 6공사, 8공사, 13공사 등이 수면에 뜨거나 수면 아래로 약간 잠기는 원줄의 기준이라 할 수 있다.프로팅(floating) 타입 : 수면 위에 완전히 떠 있는 줄이다.저부력 전유동 낚시나 반유동이라도 바람이 업는 날 가장 즐겨 쓰는 원줄로 뒷줄관리가 편하고 전유동 낚시에선 줄 내림과 채비 조작에 유리하다는 장점 때문에 벵에돔낚시나 감성돔 낚시에 가장 많이 사용되는 원줄이라 할 수 있다.단점으로는 싱킹 타입이나 세미 프로팅 타입의 원줄보다 강도가 떨어진다는 것과 바람이 심하게 부는 날에는 바람의 영향을 많이 받는다는 단점이 있다.수면에 완전히 뜨는 프로팅 타입은 대부분 6공사의 원줄로서 큰 구멍에 공기가 많이 들어있어 수면 위에 떠 있을 수 있지만 원줄 속이 많이 비워져 있기 때문에 강도가 떨어질 수밖에 없는 것이며 프로팅 타입 2.5호 원줄에 목줄 1.7를 사용해서 낚시를 하다가 바늘이 바닥에 걸렸을 때 지긋이 잡아당기면 목줄보다 원줄이 끊어지는 것을 많이 경험하게 된다. 이렇게 되면 찌와 수중찌 등 원줄에 있는 소품까지 다 떨어져 나가서 채비를 처음부터 다시 해야 하는 번거로움과 원줄보다 비싼 찌와 수중찌까지 새로 구입해야 하기 때문에 낚시를 하면서 라인 가이드에 자주 닿는 부분(10m 정도)은 다음 낚시를 시작할 때 아깝게 생각하지 말고 원줄을 끊어 내는 것이 세미 프로팅이나 싱킹 타입보다 강도가 약한 프로팅 타입의 원줄을 조금은 더 강하게 사용할 수 있는 방법이다.세미 프로팅(semi floating) 타입 : 수면 아래 20~30cm 살짝 잠기는 원줄이다.8공사가 많이 사용되는데 고급 세미 프로팅 원줄은 13공사로 만들어진다고 한다.작은 구멍이 여러 개 있어 그곳에 공기가 들어있긴 하지만 그 양이 6공사보다는 훨씬 적어 수면에 떠 있지 못하고 완전히 가라앉지도 못하는 원줄로 바람이 부는 날 바람의 영향을 덜 받으며 낚시를 할 수 있다는 장점 때문에 반유동 감성돔낚시나 참돔낚시에 많이 쓰이는 원줄이다.싱킹(sinking) 타입 : 공기가 전혀 들어 있지 않기 때문에 가만히 두면 수중 바닥까지 가라앉는 원줄로 강도가 세다는 장점은 있지만 채비 조작이 힘들어 갯바위 찌낚시에는 거의 사용되지 않고 채비를 바닥까지 가라앉히는 루어낚시에 많이 사용되는 원줄이다. ※ 위 저작물에 대한 저작권은 작가에게 있음을 알려드립니다. 작가의 허락없이 저작물을 퍼가거나 사용할 수 없을을 알려드립니다.  




글/사진 
									
										
										
											박원모
										
									
								
현재 낚시채널 FTV 제작위원 및 국민 생활체육 대구낚시연합 자문위원으로 활동하고 있으며 섬과 섬사람들에 3년째 낚시관련 글을 연재하고 있습니다.

									본 콘텐츠의 저작권은 저자 또는 제공처에 있음을 알려드립니다.
									또한 무단으로 콘텐츠를 이용하는 경우 저작권법 등에 따라 법적 책임을 질 수 있으니 유의하시기 바랍니다.
								



추천 추천


























이전글 이전글
다음글 다음글


목록









[바다]  에필로그1. 기본 장비 및 소품




[바다]  에필로그4. 바다낚시의 예절과 안전대책




[바다]  에필로그3. 미끼와 밑밥에 관한 상식




[바다]  에필로그2. 해류와 조류(물때)에 관한 상식




[바다]  제10장 어종 별 입질 형태와 끌어내기, 바람과 낚시"
[바다]  제 5 장 찌의 종류와 사용법,"[바다]  제 5 장 찌의 종류와 사용법

							
								
								
									박원모
								
							



조회수조회수 944
좋아요 수좋아요 수 0




 








   낚시에는 여러 가지 즐거움이 따르기 마련이지만 가장 큰 즐거움이라 할 수 있는 손맛과 함께 찌를 바라보는 눈맛 또한 빼 놓을 수 없다.특히 대상어의 입질이라는 느낌을 주는 찌의 예신이 있은 후 저 푸른 바다 속으로 스멀스멀 사라져가는 찌를 바라보고 있노라면 온몸에 전율이 일 정도로 엄청난 쾌감과 스릴을 느끼게 되는데, 이 찌는 대상어의 입질 뿐 아니라 우리 눈에는 보이지 않는 수면 아래서 일어나는 모든 상황을 우리에게 알려주는 대단히 중요한 역할을 한다.잘 진행하던 채비가 바닥에 걸렸을 때도 우리에게 신호를 보내오고, 이곳에는 수중여가 있으니 조금 돌아가라고 알려주기도 하며, 조류의 세기와 흐름의 방향을 몸으로 직접 보여주기도 하기 때문에 릴 찌낚시에 있어서 찌는 낚시인들에겐 레이더요 안테나와 같은 존재이다.이렇게 중요한 역할을 하는 것이 찌지만 포인트와 그날의 기상 상태에 따라서 어떤 찌를 선택할 것인가는 여러 가지 조건이 필요하게 된다.바다에서 사용하는 찌들은 어떤 종류가 있는지 어떤 구조로 되어 있는지, 어떤 찌를 선택해야 될지 살펴보도록 하자.​  구멍찌 : 바다낚시의 대표적인 찌이다.찌의 중앙으로 구멍이 뚫어져있고 이곳으로 원줄이 통과하도록 되어있다. 대부분의 구멍찌들은 나무로 만들어 졌으며 특히 가벼우면서 부력이 좋은 오동나무를 소재로 한 찌들이 많지만 사출형(프라스틱)으로 만들어진 것도 있다.구멍찌는 예민한 찌맞춤을 하면 찌머리가 수면과 일치하거나 수면 아래 살짝 잠기기 때문에 조금 높은 곳에서 아래를 내려다보면서 사용하기에 알맞게 만들어져 있다.​ 막대찌 : 민물 붕어낚시에 사용하는 찌와 같이 가늘고 길게 생겼으며 제일 밑에 고리가 달려있는 것이 특징이다.짧은 것은 30cm부터 긴 막대찌는 1m가 넘는 것도 있으며 자립형과 반 자립형, 그리고 비 자립형까지 여러 가지가 용도에 따라 쓰이고, 수면과 비슷한 높이에서 낚시 할 때 찌 보기가 편하며 먼 거리에서도 대상어의 입질 파악을 쉽게 할 수 있다는 장점이 있다.​ 고리찌 : 구멍찌와 생김새와 크기는 비슷하지만 구멍이 뚫려있는 대신 아래에 고리가 박혀있어 이 고리 구멍으로 원줄이 통과하도록 만들어 졌다.대부분 -(마이너스) 부력을 가진 잠수찌로 많이 쓰이지만 원줄 빠짐이 좋아 깊은 수심을 공략 할 때나 저부력 전유동 낚시에 구멍찌 대신으로도 많이 사용된다.​   야간찌 : 찌가 보이지 않을 정도로 어두워지면서부터 야간에만 사용할 수 있게 만들어진 것으로 리튬 건전지가 들어가는 프라스틱으로 만들어진 사출형 찌가 대부분이다.전자찌라는 이름으로 불리면서 밤낚시에 꼭 필요하지만 표시된 부력의 부정확성 때문에 예민성이 많이 떨어진다는 단점이 있다. 따라서 리튬 건전지를 꽂은 상태에서 찌가 보이는 낮에 부력 조절용 봉돌을 이용하여 정확한 부력을 맞춰 놓았다 그대로 야간에 사용하는 것이 찌의 생명인 예민성을 유지할 수 있는 방법이다.​                   리튬 건전지를 이용한 야간 찌                         야간 찌 내부 구조  구멍찌는 나무된 몸통과 부력을 조절한 금속이 몸통 속에 내장 되어있다.드물게는 무게의 중심이 중간 정도에 있는 것도 있지만 대부분의 찌들은 저 중심으로 설계되어있어 수중에서 스스로 일서는 자립찌의 형태를 가지고 있다.모든 찌에는 B나 호라고 적혀있는 규격이 있다.이것은 이 찌가 가지고 있는 부력을 나타내는 것으로 5B 라고 하면 5B의 침력, 1호라고 하면 1호의 침력을 가진 봉돌이나 수중 찌를 적당한 부력으로 잡아 줄 수 있는 찌라고 설명할 수 있다.​  찌는 저 부력, 중 부력, 고 부력의 찌로 나누어지고 수심과 기상 등의 낚시 여건에 따라 조건에 알맞은 부력의 찌를 선택해서 사용해야 한다.저 부력 : 0~3B중 부력 : 0.5~0.8호고 부력 : 1호부터 2, 3호(4, 5호의 초 고부력도 있으나 일반적인 낚시에는 잘 사용되지 않고 한 여름 야간 농어 찌낚시에 많이 사용되기 때문에 이름 자체가 농어 찌라 불림.)반유동 기법으로 낚시하면서 바람이나 파도 등 기상에 별 이상이 없다면 5m 이하의 수심에서는 3B 이하의 저 부력을 사용하고 5~8m의 수심이면 0.5호, 8~10m 수심이면 0.8호의 중 부력을 사용한다. 10m 이상이면 1호 이상의 고 부력을 사용하면 되지만 조류의 흐름이 세거나 바람이 강하게 불고 파도가 높아 낚시 여건이 좋지 않다면 수심이 5m라 하더라도 1호 이상의 고 부력을 사용해야 할 때도 있기 때문에 포인트의 수심이나 조류, 기상 등 여러 가지 여건들을 살펴서 그날 사용할 찌의 자중과 부력을 선택해야 한다.​  구멍찌를 선택하기 위해서는 여러 가지 조건들이 있다.첫째는 내가 원하는 정확한 부력을 기진 찌라야 하고, 작은 입질에도 정확하게 반응하는 예민성과 멀리서도 잘 보이는 시인성, 조류를 타는 능력과 원투력(자중이 5g~30g까지 다양하게 출시되지만 일반적으로 6~15g의 찌가 많이 사용되며 원투력을 가진 찌라면 자중이 10g 이상이여야 함), 찌의 모양과 형태도 잘 살펴서 선택해야 한다.찌의 형태는 도토리형, 둥근형, 슬림형, 역삼각형, 상부커트형, 오뚜기형 등 여러 가지가 용도에 따라 사용되고 있지만 대표적으로 사용되는 찌는 원투력을 가진 도토리형으로 조류타기와 예민성이 무난해서 중, 장거리 공략에 가장 알맞은 형태로 많은 낚시인들이 선호하는 찌이며, 갯바위 주변 근거리를 공략할 때는 대상어의 경계심이 높아지기 때문에 예민성과 입수 저항이 적은 슬림형 찌를 많이 사용하고 멀리 던져서 먼 곳까지 공략할 때는 원투력과 시인성이 좋은 둥근형의 찌를 선호하는 편이다.​                             도토리 형                               둥근 형 ​                              ​슬림 형 ​                            ​오뚝이 형                           플라스틱 사출 형 ​                              ​​목줄 찌            ※ 위 저작물에 대한 저작권은 작가에게 있음을 알려드립니다. 작가의 허락없이 저작물을 퍼가거나 사용할 수 없을을 알려드립니다. 




글/사진 
									
										
										
											박원모
										
									
								
현재 낚시채널 FTV 제작위원 및 국민 생활체육 대구낚시연합 자문위원으로 활동하고 있으며 섬과 섬사람들에 3년째 낚시관련 글을 연재하고 있습니다.

									본 콘텐츠의 저작권은 저자 또는 제공처에 있음을 알려드립니다.
									또한 무단으로 콘텐츠를 이용하는 경우 저작권법 등에 따라 법적 책임을 질 수 있으니 유의하시기 바랍니다.
								



추천 추천


























이전글 이전글
다음글 다음글


목록









[바다]  에필로그1. 기본 장비 및 소품




[바다]  에필로그4. 바다낚시의 예절과 안전대책




[바다]  에필로그3. 미끼와 밑밥에 관한 상식




[바다]  에필로그2. 해류와 조류(물때)에 관한 상식




[바다]  제10장 어종 별 입질 형태와 끌어내기, 바람과 낚시"
[바다]  제6장 수중찌의 역할과 봉돌의 사용법,"[바다]  제6장 수중찌의 역할과 봉돌의 사용법

							
								
								
									박원모
								
							



조회수조회수 853
좋아요 수좋아요 수 0




 








    처음 수중찌가 만들어 졌을 때는 흑단이라는 나무를 소재로 했다고 한다.일반적인 나무들은 부력을 가지고 있어서 물에 뜨게 마련이지만 이 흑단이라는 나무는 물 보다 비중이 높기 때문에 천천히 물속으로 가라앉는 특징이 있는 나무로 알려져 있는데 B정도의 무게와 침력을 가진 흑단이면 물속으로 천천히 가라앉다가 수면에서부터 4~5m 정도 내려가면 수압 때문에 더 이상은 내려가지 않고 그 수심 층을 탐색하면서 대상어의 입질을 기다리게 되는데 수중에서 찌와 같은 역할을 한다고 해서 수중찌라는 이름이 붙었다고 알려져 있다.찌가 수면에서 낚시인에게 물 속 상황을 알려 준다면 수중찌는 낚시인의 눈에는 보이지 않지만 바다 속 저 밑에서 많은 역할을 하게 되는데, 가장 큰 역할은 찌의 부력을 상쇄시켜서 대상어가 미끼를 삼킬 때 이물감을 느끼지 않으면서 채비를 자연스럽게 가지고 가게 만드는 기능이다.​ 그 외에도 미끼와 채비를 빠르게 침강시키고 미끼를 바닥권에 안정적으로 잡아주는 기능과 조류를 받아서 미끼를 선행시키고 궁극적으로는 미끼와 감성돔을 만나게 만드는 역할 등 다양한 기능을 가지고 있다.무게와 침력은 다른 개념으로서 무게는 대기 중에서 갖는 중력이지만 침력은 물속으로 가라앉으려는 힘(1호의 봉돌이 대기 중에서 갖는 무게는 3.75g이지만 수중에서의 침력은 3g 정도다.)을 말하는 것이다.​       납을 사용하지 않으면서 수중찌 역할을 대신하는 봉돌이다.​ 따라서 납 봉돌 1호라면 그 부피가 같다고 할 수 있지만 수중찌는 같은 침력이라도 부피나 무게, 형태를 많이 다르게 할 수 있기 때문에 봉돌보다 부피를 크게 해서 찌의 원투력에도 도움이 되고 조류도 잘 받게 만들기도 하고 밑 채비를 안정적으로 잡아 주기도 하는 것이 수중찌의 역할이다.봉돌의 재료로는 대부분 비중이 높으면서 부드럽고 연해서 쉽게 자르거나 깎아낼 수 있는 납이 차지했지만 납은 인체에 축척되면 치명적인 중금속이라 환경오염의 주범이기 때문에 이제는 법으로 납 봉돌은 사용을 규제하고 있으며 황동, 세라믹, 텅스텐 등 비교적 환경오염이 적은 소재를 이용해서 봉돌이 만들어져 시중에 나오고 있다.​      각종 형태의 수중찌, 같은 호수라도 크기와 형태가 다양하다.​   바다낚시도 표준 찌맞춤과 예민한 찌맞춤이 있다.수중찌가 표준 찌맞춤을 한다면 작은 봉돌은 표준 찌맞춤의 여부력(잔존부력)을 상쇄시켜서 예민한 찌맞춤을 해주는 역할과 목줄의 직선성 유지와 조류가 있을 때 미끼가 바닥권을 벗어나지 않게 잡아주는 다양한 역할까지 하고 있으며, 전유동 낚시에서는 수중찌 대신 봉돌 하나만으로 채비가 내려가는 속도를 조절해서 대상어가 유영하는 층으로 미끼를 안내하는 역할도 한다.​ 예민한 찌맞춤을 위해 채비 하단의 도래 밑에 물려 놓은 봉돌이 찌의 잔존부력을 상쇄시키며조금 빠른 조류가 있을 땐 미끼가 바닥권을 벗어나지 않게 바늘 위 30~50cm 사이에 달아 주기도 한다.​  구멍찌 부력이나 수중찌와 봉돌의 침력을 알려주는 단위를 보면 호와 B라는 단위를 함께 사용하고 있다.B-5B까지 또 0.5호-3호까지 이렇게 B 또는 호라는 단위를 사용하는데, 호라는 것은 중국에서 들여온 척관법, 그러니까 길이와 무게의 단위로서 30.3cm를 이르는 한자(尺)를 얘기하는 것이고 3.75kg을 1관이라 하고 375g을 한근, 37.5g을 한냥, 3.75g을 한돈이라 하는데 이 한돈의 무게를 낚시에서는 1호라 칭하는 것이다.B라는 무게의 단위는 서양 사람들이 숫사슴(Buck)을 사냥하는 탄환을 벅샷(Buck shot)이라 부르는데 탄환의 크기에 따라 규격을 정할 때 벅샷의 머리글을 따서 B, 2B, 3B 이렇게 정해진 것을 낚시의 봉돌에 그대로 적용하면서 B라는 무게 단위가 생겨난 것이다.호라는 단위는 우리가 10 등분해서 사용하기 때문에 0.1호는 0.375g, 0.5호는 1.87g, 2호는 7.5g 이렇게 나누거나 곱해서 비교적 쉽게 계산할 수 있지만 B라는 단위는 각 단위마다 고유의 무게를 가지고 있어 나누거나 곱해서 계산 할 수 있는 것이 아니기 때문에 B~5B까지의 무게를 모두 외우고 있어야만 봉돌을 가감할 때 유리하다 할 수 있겠다.다시 말해서 B(0.55g)+B(0.55g)= 2B(0,75g)가 아니라는 것이며 B 봉돌 두 개의 무게(1.10g)는 거의 4B(1.20g)에 가까운 무게를 가진다는 것이다.​  3호 = 11.25g2호 = 7.5g1호 = 3.75g0.9호 = 3.37g0.8호 = 3.00g0.7호 = 2.62g0.6호 = 2.25g0.5호 = 1.87g0.4호 = 1.50g0.3호 = 1.12g0.2호 = 0.75g0.1호 = 0.37gB단위 봉돌의 무게B = 0.55g2B = 0.75g3B = 0.95g4B = 1.2 g5B = 1.85g​  B 봉돌 이하의 작은 봉돌(좁쌀 봉돌)1번 = 0.4g2번 = 0.31g3번 = 0.25g4번 = 0.2g5번 = 0.16g6번 = 0.112g7번 = 0.09g8번 = 0.07g좁쌀 봉돌의 단위를 G1 G2, 또는 J1 J2, 이렇게 표기하기도 하는데, 이것은 일본의 낚시회사에서 만들어진 단위들이고 우리에게는 1번 2번, 이렇게 번이라는 단위가 있기 때문에 여기서는 번으로 표기했으며, G5, J5, 5번은 같은 0.16g의 무게이며 G7, J7, 7번 역시 같은0.09g의 무게를 갖는다.※ 위 저작물에 대한 저작권은 작가에게 있음을 알려드립니다. 작가의 허락없이 저작물을 퍼가거나 사용할 수 없을을 알려드립니다. 




글/사진 
									
										
										
											박원모
										
									
								
현재 낚시채널 FTV 제작위원 및 국민 생활체육 대구낚시연합 자문위원으로 활동하고 있으며 섬과 섬사람들에 3년째 낚시관련 글을 연재하고 있습니다.

									본 콘텐츠의 저작권은 저자 또는 제공처에 있음을 알려드립니다.
									또한 무단으로 콘텐츠를 이용하는 경우 저작권법 등에 따라 법적 책임을 질 수 있으니 유의하시기 바랍니다.
								



추천 추천


























이전글 이전글
다음글 다음글


목록









[바다]  에필로그1. 기본 장비 및 소품




[바다]  에필로그4. 바다낚시의 예절과 안전대책




[바다]  에필로그3. 미끼와 밑밥에 관한 상식




[바다]  에필로그2. 해류와 조류(물때)에 관한 상식




[바다]  제10장 어종 별 입질 형태와 끌어내기, 바람과 낚시"
[바다]  제7장 릴 찌낚시에 필요한 각종 소품 사용법과 안전장비,"[바다]  제7장 릴 찌낚시에 필요한 각종 소품 사용법과 안전장비

							
								
								
									박원모
								
							



조회수조회수 821
좋아요 수좋아요 수 0




 








  구명동의 : 갯바위를 비롯한 모든 바다낚시에 필수로 입어야할 안전장비이다.만약의 사고로 물에 빠졌을 때 우리의 생명을 지켜줄 수 있으며 주머니가 많아 소품 등을 보관하고 꺼내 쓰기 편하게 만들어져 있다.구입할 때 조끼 안쪽 설명서에 7~7.5kg을 24시간 동안 수면위에 띄어 놓을 수 있다는 표시가 있는 제품을 선택하는 것이 좋을 듯하다.우리 몸은 물속에서 어느 정도 부력으로 작용하기 때문에 100kg의 거구라도 7~7.5kg의 무게 정도를 24시간 수면에 떠 있게 할 수 있다면 충분하지만 조끼 하단의 안전띠를 사타구니 사이로 끼워서 잠궈 놓아야만 몸에서 구명동의가 분리되는 일이 없어 더욱 안전하다.​ 갯바위 신발 : 갯바위에서 미끄러지지 않고 안전하게 움직일 수 있는 신발로 바닥면에 쇠로된 침이나 패드와 침이 함께 있는 신발이다.장화와 단화 등 여러 가지 종류가 있으며 갯바위에서만 신어야 하고 방파제의 테트라포드에서는 밑바닥이 고무로 된 운동화나 등산화 등이 더 안전하다.​   편광안경 : 자외선이 강한 갯바위에서 종일 찌를 바라보면 눈의 피로도가 상당히 높아지고 심하면 시력에도 영향이 있다고 하며, 바닷물에 햇빛이 반사되면서 찌가 잘 보이지 않기 때문에 찌의 움직임도 잘 볼 수 있고 눈의 피로도 줄일 수 있는 편광안경도 꼭 필요하고 그 외에 얼굴을 자외선으로부터 보호할 수 있는 모자와 손을 보호할 수 있는 낚시 장갑도 필수다.   밑밥 주걱 : 갯바위에서 밑밥을 사용할 경우 담아 던질 수 있는 주걱이며 쏠채라는 이름으로도 불린다. O형 완충 고무 : 찌와 수중찌 사이에 넣어서 찌와 수중찌가 부딪칠 때 완충작용을 하는 고무로 된 작은 소품이다. V형 완충 고무 : 도래와 수중찌 사이에 끼워 수중찌가 도래에 박히는 것을 막아주고 도래와 수중찌가 부딪칠 때 완충작용을 하는 O형과 같이 고무로 된 소품이다. 면사 : 원줄에 수심 조절용 찌 매듭을 할 때 필요한 면으로 된 실 도래 : 원줄과 목줄을 연결해 주는 역할의 소품이다. 찌 멈춤 반원 구슬 : 어신 찌 위에 넣어서 수심 조절용 면사 매듭에 걸려 찌가 더 이상 올라가지 못하게 하는 소품이다. 찌 멈춤 고무 : 대부분 전유동 조법에 많이 쓰이는 소품으로 어신찌 밑 원줄에 끼워서 찌가 더 내려가지 못하게 하면서 약한 조류를 타는 역할까지 하는 소품이다. 바늘 케이스 : 각종 바늘을 넣어 두었다가 필요한 크기의 바늘을 꺼내 쓰기 편리하게 만들어 놓았다. 소품 케이스 : 여러 가지 소품과 봉돌 등을 보관하면서 필요할 때 꺼내 쓸 수 있도록 만들어진 케이스이다. 밑밥 통 : 밑밥을 만들어 넣어 두는 통으로 갯바위에서 들고 다니기 편하게 만들어 졌다.   ※ 위 저작물에 대한 저작권은 작가에게 있음을 알려드립니다. 작가의 허락없이 저작물을 퍼가거나 사용할 수 없을을 알려드립니다. 




글/사진 
									
										
										
											박원모
										
									
								
현재 낚시채널 FTV 제작위원 및 국민 생활체육 대구낚시연합 자문위원으로 활동하고 있으며 섬과 섬사람들에 3년째 낚시관련 글을 연재하고 있습니다.

									본 콘텐츠의 저작권은 저자 또는 제공처에 있음을 알려드립니다.
									또한 무단으로 콘텐츠를 이용하는 경우 저작권법 등에 따라 법적 책임을 질 수 있으니 유의하시기 바랍니다.
								



추천 추천


























이전글 이전글
다음글 다음글


목록









[바다]  에필로그1. 기본 장비 및 소품




[바다]  에필로그4. 바다낚시의 예절과 안전대책




[바다]  에필로그3. 미끼와 밑밥에 관한 상식




[바다]  에필로그2. 해류와 조류(물때)에 관한 상식




[바다]  제10장 어종 별 입질 형태와 끌어내기, 바람과 낚시"
[바다]  제8장 낚시에 필요한 여러 가지 조류 알기,"[바다]  제8장 낚시에 필요한 여러 가지 조류 알기

							
								
								
									박원모
								
							



조회수조회수 806
좋아요 수좋아요 수 0




 








멀리서 보는 바다는 늘 같은 자리에 조용히 머물고 있것 것 같지만 실지로는 잠시도 한자리에 머물지 않고 늘 크고 빠르거나 작고 느리게 움직이고 있다.이런 바닷물의 움직임을 해류(海流)와 조류(潮流)로 나눌 수 있는데 조류에도 여러 가지 종류가 있지만 크게 보면 본류와 지류 등으로 나눌 수 있다.​    바닷물의 가장 큰 움직임이라 할 수 있으며 적도 부근에서 뜨거워진 물이 북쪽이나 남쪽의 극 지역으로 큰 띠를 형성해서 흘러가는 난류와 남쪽이나 북쪽의 극 지역에서 만들어진 차가운 물이 하나의 줄기를 형성하면서 적도 방향으로 움직이는 한류 등 모두를 해류라 이른다.지구상의 바다에는 크고 작은 해류가 수 없이 많지만 우리나라 주변으로 흘러들면서 바다 수온이나 우리나라의 기후에까지 영향을 주는 해류로는 쿠로시오 난류와 리만 한류를 들 수 있으며 특히 쿠로시오 난류는 우리 낚시인들에게는 대단히 큰 영향을 주는 해류로 알려져 있다.필리핀 동쪽의 태평양에서 발생하여 아시아 대륙의 동쪽 해안을 따라 북상하는 쿠로시오(黑潮)해류는 한반도를 비롯한 주변 국가들의 기후나 기온에도 크게 영향을 미칠 정도로 세계에서 가장 세력이 강한 해류 중의 하나로, 그 규모를 살펴보면, 폭은 80km, 두께는 400m 정도로서 대만 동쪽의 해역에서는 시속 2~4km로 북상하나, 일본 동쪽의 해역에 이르면 그 속도가 시속 8km이상으로 빨라진다.이 해류는 오키나와 섬 북쪽에서 갈라져 본류인 쿠로시오해류는 일본 동쪽 해안을 따라 북상하다 세력이 약해지면서 태평양 쪽으로 방향을 틀어 심층수와 섞이면서 해류로서의 생을 마감하게 되고 오키나와 섬 북쪽에서 갈라진 또 하나의 해류가 쓰시마(대마)해류인데, 쓰시마 해류의 세력을 보면 두께가 150m, 너비가 40~60km에 달하며 대한 해협과 동해로 유입할 때 세력이 많이 약해지면서 세 갈래로 갈라진다. 첫째 갈래는 쓰시마 섬(대마도)을 거의 관통해서 일본 서해안을 따라 북상하고, 둘째 갈래는 쓰시마 섬의 서쪽을 지나 동해로 유입하여 동쪽으로 방향을 바꾸어 첫째 갈래와 만나 나란히 북상한다.한반도의 동해안을 따라 북상하는 난류인 동한(東韓)해류(동해해류)는 셋째 갈래로서 우리나라 동해안을 따라 북상하다가 강원도 임원이나 경상북도 죽변 근해에서 남하하는 리만 한류의 한 갈래인 북한 해류와 섞이면서 점차 동쪽으로 방향이 바뀌어 심층수와 섞여 세력을 다 하게 되지만 여름에는 그 일부가 계속 북상하여 함경남도 근해까지 영향을 미치기도 하고 겨울에는 경북 북부 지역인 영덕 부근에서 생을 마감하기도 한다.​  바다에서는 달의 인력에 의해서 하루 두 번 간조와 만조가 형성되는데 간조에서 만조가 될 때 먼 바다에서 우리나라 해안으로 밀려들어오면서 생겨나는 물의 흐름과 만조에서 간조로 갈 때 물이 빠져나가면서 생겨나는 바닷물의 흐름을 조석(潮汐)이라 하며 육지로 물이 가장 많이 들어온 상태를 만조라 하고 물이 완전히 빠져나가고 수위가 가장 낮아진 상태를 간조라 하며 만조나 간조 상태의 30분에서 1시간 정도를 물이 움직이지 않는 시간을 정조 시간대라 한다. 이러한 달의 인력으로 인해 생겨나는 크고 작은 모든 물의 움직임을 조류라 한다.​                                               빠르고 강한 흐름을 보이는 본류대​   간조에서 만조로 갈 때 빠르고 강하게 밀고 들어오는 조류나 만조에서 간조로 갈 때 홍수 난 강물이 흐르듯 거세게 빠져나가는 조류를 본류, 또는 대 조류라 한다.동해안에는 간만의 차이가 심하지 않아 연안에서는 본류의 흐름을 잘 느끼지 못하지만 서해 같은 경우는 간만의 차이가 6m 이상이나 되기 때문에 본류의 흐름이 상당히 빠르며, 남해 역시 본류의 영향을 많이 받는 편이다.서해나 남해 서부권의 경우 밀물은 남쪽에서 북쪽으로 본류가 형성되고 남해 동부권의 경우는 남서쪽에서 북동쪽으로 본류가 형성되는 경우가 대부분이며, 날물은 그 반대 방향으로 진행된다.​    지류란 뜻의 사전적 의미는 한 갈래에서 여럿으로 갈라지는 것, 혹은 갈려져 나온 물줄기 등을 의미한다.바다에서 지류란 본류가 흘러가다 섬이나 여 등을 만나게 되면 본류가 갈라지게 되고 갈라진 섬의 뒤쪽에 있는 물은 본류의 영향을 직접 받진 않지만 멀리서 흘러가는 본류의 영향으로 인해 어느 한쪽으로 느리게 움직이게 되는데 이렇게 본류와는 떨어져서 천천히 움직이는 물을 지류라 한다.​                                       지류를 타고 천천히 흐르며 어신을 기다리는 찌​  섬이 많아 군도를 이루고 있는 곳에서는 본류가 흐르다 섬에 막혀 갈라지고 갈라진 물이 또다시 섬을 만나 다시 갈라지기를 반복하면서 많은 가지 조류를 생산해 내게 되고 이런 가지조류가 섬과 섬 사이를 지나면서 많은 지류권을 만들어내게 되는 것이다. 이렇게 지류가 생산되는 곳에 감성돔 등 바닷물이 천천히 흐르는 지류권을 좋아하는 어종들이 많이 모여들게 되고 모여든 대상어를 만나기 위해 낚시인들이 찾아 들면서 포인트가 형성 되는 것이다. 그 지류가 성질이 다른 조류를 만나 경계를 이루며 보이지 않는 벽을 만드는 곳을 조경지대라 이름하고, 본류가 여러 섬을 만나면서 세력이 약해진 가지 조류가 흘러가면서 옆의 지류를 끌어 당겨서 조금 끌고 가다 다시 밀어내기를 반복하면서 만들어내는 약한 소용돌이치는 곳을 훈수지대라 부르며 크고 힘 있는 소용돌이를 만들면서 빠르게 흘러가는 곳을 와류지대라 하며 수중 바닥권에서 다른 조류를 만나 위로 솟구쳐 올라오는 조류를 용승조류라 한다.  ※ 위 저작물에 대한 저작권은 작가에게 있음을 알려드립니다. 작가의 허락없이 저작물을 퍼가거나 사용할 수 없을을 알려드립니다. 




글/사진 
									
										
										
											박원모
										
									
								
현재 낚시채널 FTV 제작위원 및 국민 생활체육 대구낚시연합 자문위원으로 활동하고 있으며 섬과 섬사람들에 3년째 낚시관련 글을 연재하고 있습니다.

									본 콘텐츠의 저작권은 저자 또는 제공처에 있음을 알려드립니다.
									또한 무단으로 콘텐츠를 이용하는 경우 저작권법 등에 따라 법적 책임을 질 수 있으니 유의하시기 바랍니다.
								



추천 추천


























이전글 이전글
다음글 다음글


목록









[바다]  에필로그1. 기본 장비 및 소품




[바다]  에필로그4. 바다낚시의 예절과 안전대책




[바다]  에필로그3. 미끼와 밑밥에 관한 상식




[바다]  에필로그2. 해류와 조류(물때)에 관한 상식




[바다]  제10장 어종 별 입질 형태와 끌어내기, 바람과 낚시"
[바다]  제9장 채비 던지기(캐스팅 Casting)의 여러 가지 방법,"[바다]  제9장 채비 던지기(캐스팅 Casting)의 여러 가지 방법

							
								
								
									박원모
								
							



조회수조회수 834
좋아요 수좋아요 수 0




 








  릴 찌낚시의 최대 장점은 낚시인이 채비를 던질 수 있는 최대한의 거리와 원줄이 다 풀려 나가는 먼 곳까지 채비를 흘려서 대상어의 공략이 가능하다는 것이다.하지만 아무리 좋은 포인트라도 투척하는 자세가 나쁘거나 아니면 갯바위 지형이나 바람 등 주변의 좋지 않은 여건들을 이겨내지 못하면 정확한 투척도 어려울 뿐 아니라 투척을 한다고 하더라도 채비 엉킴이 자주 발생해서 애써 만들어 놓은 채비를 잘라내고 다시 만들어야하는 불편함과 아까운 시간을 그냥 흘려보내고 말게 된다. 따라서 대상어를 공략하기 위해서는 가까운 거리든 먼 거리든 정확하게 포인트라 생각되는 지점에 채비를 던져 넣을 수 있는 요령과 기술이 필요하며, 바람의 방향에 따라 채비를 던지는 자세가 달라져야하고 거리에 따라서도 채비를 던지는 방법이 달라져야 하는 것이다.바람이나 갯바위 지형 등 이런 것들을 이겨낼 수 있는 몇 가지 캐스팅 방법을 알아보자.머리 넘겨 던지는 방법은 원투 처넣기 낚시 같은 채비를 멀리 던져 넣기 위해 많이 사용되며 릴 찌낚시에서는 잘 사용하지 않는다.대신 어깨 넘겨 던지는 방법을 많이 사용하게 되는데 이는 채비를 멀리 투척할 수 있으면서 방향이나 거리 또한 정확하게 던질 수 있다는 장점과 채비 투척 시 가장 악재라 할 수 있는 바람의 영향으로 인한 채비 엉킴을 최소화 할 수 있기 때문이다.바람이 없을 때에는 채비를 던진 후 찌가 수면에 떨어지기 직전에 원줄을 살짝 잡아주는 것만으로도 관성의 법칙에 따라 목줄과 미끼가 찌보다 먼 곳에 떨어지면서 자연스럽게 일직선으로 잘 펴지게 만들 수 있지만 맞바람이나 옆바람이 다소 강하게 불 경우 뒷줄을 잡아 주는 것만으로는 채비 엉킴을 방지하기가 어렵기 때문에 몇 가지 케스팅 방법을 꼭 알아 두어야한다. 앞에서 낚시인에게 정면으로 불어오는 바람을 맞바람이라 하는데 맞바람이 심하면 낚시할 방법이 없다.채비를 아무리 무겁게 해서 던져도 원하는 곳까지 가지도 않을뿐더러 밑밥은 던질 생각도 못하기 때문이다.이런 맞바람을 만나게 되면 선장님께 상의를 드리고 빨리 바람을 등질 수 있는 포인트로 이동하는 것이 최선이다.   바람이 왼쪽에서 오른쪽으로 불어 올 때                  오른 어깨 넘겨 던지기 준비자세                        채비를 던지는 동작 옆바람을 이겨내는 방법으로는 어께 넘겨 채비 던지기가 있다.어깨 넘겨 던지기는 왼 어깨 넘겨 던지기와 오른 어깨 넘겨 던지는 두 가지 방법이 있으며 바람의 방향에 따라 왼 어깨냐 오른 어깨냐를 결정하게 된다.장점으로는 가장 멀리 던질 수 있는 채비 던지기 방법이며 낚시인이 원하는 방향과 거리의 포인트에 비교적 정확하게 던져 넣을 수 있다는 장점과 옆바람을 이겨낼 수 있다는 것이다. 바람이 오른쪽에서 왼쪽으로 불 때 오른 어깨 던지기를 하면 무거운 찌와 수중찌가 수면에 먼저 떨어지고 뒤 따라 오던 가벼운 미끼가 있는 목줄이 바람에 밀려 찌 앞쪽의 원줄을 넘겨 떨어지면서 채비의 엉킴이 자주 발생하게 된다.따라서 바람이 오른쪽에서 왼쪽으로 분다면 왼 어깨 자세로 채비를 던지면 찌가 수면에 먼저 떨어지고 뒤 따라오던 목줄과 미끼가 오른쪽에서 불러오는 바람에 밀리면서 자연스럽게 찌의 뒤쪽인 왼쪽 먼 곳에 떨어지면서 채비의 엉킴이 전혀 생기지 않게 되는 것이다.​ 바람이 오른쪽에서 왼쪽으로 불어 올 때​                   왼 어깨 넘겨 던지기 준비자세                         채비를 던지는 동작 근거리를 노릴 때는 옆 던지기를 하는 방법도 있다.왼손으로는 바늘 위 목줄을 잡고 있다가 목줄을 놓으면서 오른손으로 낚싯대를 휘둘러서(왼손잡이는 반대) 목적한 지점에 채비를 던져 넣는 방법으로 20m 미만의 근거리를 노리며 조용하게 낚시를 해야 할 때 많이 사용하는 캐스팅 방법이다.옆 던지기를 잘 하는 방법(오른 손잡이)으로는 오른손으로 낚싯대의 릴 시트 주변을 잡고 낚싯대의 릴 시트 뒷부분을 팔에 밀착되도록 붙이고 채비를 던져서 찌가 수면에 안착 될 때까지 팔에서 낚싯대가 떨어지지 않게 하는 것이다.팔에서 낚싯대가 떨어진다는 것은 손목을 이용하기 때문에 생기는 현상으로 멀리 던지기도 힘들지만 목표한 지점에 채비를 던져 넣는 것도 정확도가 떨어진다.​                                                         옆 던지기 ※ 위 저작물에 대한 저작권은 작가에게 있음을 알려드립니다. 작가의 허락없이 저작물을 퍼가거나 사용할 수 없을을 알려드립니다. ​




글/사진 
									
										
										
											박원모
										
									
								
현재 낚시채널 FTV 제작위원 및 국민 생활체육 대구낚시연합 자문위원으로 활동하고 있으며 섬과 섬사람들에 3년째 낚시관련 글을 연재하고 있습니다.

									본 콘텐츠의 저작권은 저자 또는 제공처에 있음을 알려드립니다.
									또한 무단으로 콘텐츠를 이용하는 경우 저작권법 등에 따라 법적 책임을 질 수 있으니 유의하시기 바랍니다.
								



추천 추천


























이전글 이전글
다음글 다음글


목록









[바다]  에필로그1. 기본 장비 및 소품




[바다]  에필로그4. 바다낚시의 예절과 안전대책




[바다]  에필로그3. 미끼와 밑밥에 관한 상식




[바다]  에필로그2. 해류와 조류(물때)에 관한 상식




[바다]  제10장 어종 별 입질 형태와 끌어내기, 바람과 낚시"
"[바다]  제10장 어종 별 입질 형태와 끌어내기, 바람과 낚시","[바다]  제10장 어종 별 입질 형태와 끌어내기, 바람과 낚시

							
								
								
									박원모
								
							



조회수조회수 932
좋아요 수좋아요 수 11




 








릴 찌낚시에서 모든 물밑 상황이나 어신은 찌를 통해서만 가능하다.어쩌다 한눈파는 사이 대상어가 미끼를 물고 달아나면서 들고 있던 낚싯대가 쭉 딸려가는 경우가 있긴 하지만 대부분 챔질 타이밍을 잘 잡기 위해서 채비를 던진 후부터는 좀처럼 찌에서 눈을 떼지 않는다.챔질이란 것은 미끼와 함께 바늘이 대상어의 입속에 들어갔다고 판단 될 때 낚싯대를 빠르고 가볍게 잡아 당겨서 대상어의 입 속에 들어 있던 바늘이 살 속으로 깊이 파고들어 완전히 바늘에 걸려들게 하는 동작이다.​   그럼에도 햇빛이나 바람으로 인한 파도 등 여러 가지 조건들에 의해 대상어의 입질이 왔는데도 이를 곧바로 알아차리지 못하고 챔질 타이밍을 놓쳐버리는 경우가 있는가 하면 잡어의 입질을 대상어의 입질로 오인해서 헛챔질만 계속하는 경우도 허다하다.잡어의 경우도 노래미, 볼락, 망상어 같은 어종은 입질 형태가 감성돔과 비슷하면서 바늘 걸림이 잘 되는 잡어지만 새끼 복어, 자리돔, 쥐고기 같이 입이 작거나 조심성이 많은 잡어들은 입질을 해도 바늘 걸림이 잘 되지 않기 때문에 이런 잡어들을 통 털어 미끼 도둑이라 부르기도 한다.이런 미끼 도둑들의 입질 형태는 감성돔의 예신과 비슷하게 10cm 정도 천천히 찌를 가져가지만 더 이상 가져가지 않고 그 자리에서 한동안 우물쭈물 거리다 잠시 후 찌가 수면 위의 원래 위치로 돌아와 버린다.​   어종 별 챔질 타이밍 : 어종에 따라 입질의 형태가 조금씩 다르게 나타나는데 감성돔의 입질 같은 경우 찌가 갑자기 사라지는 경우는 매우 드물다,수면에서 그리 높지 않은 포인트에서 조금 먼 곳을 공략하다보면 갑자기 찌가 시야에서 사라지는 듯 보이지만 찌가 수면아래 5cm 만 잠겨도 보이지 않기 때문에 그런 느낌을 받는 것이지 높은 곳에서 보면 수면에서 10cm 정도 천천히 가져가져가면서 멈칫거리다 빠르게 가져가는 것이 감성돔의 전형적인 입질이다.10cm 정도 천천히 가져가는 것을 우리는 예신이라 하고 예신이 있은 후 빠르게 가져가는 것을 본신이라 하는데 본신으로 이어지더라도 여유 줄을 감으며 조금 기다렸다(마음속으로 하나, 둘, 셋을 세고) 가볍고 빠르게 낚싯대 끝을 옆이나 위로 끌어 당기 듯 챔질하는 것이 헛챔질을 방지하고 완전한 바늘 걸림이 되게 하는 방법이다.​   벵에돔의 경우는 조건에 따라 입질의 형태가 완전히 달라진다.적당한 수온의 여름철에는 높은 활성도를 보이면서 먹이 경쟁을 하다 보니 채비 정렬이 다 되기도 전에 찌가 순식간에 사라지는 강렬한 입질을 보이다가도 수온이 내려가든 어떤 조건에 변화가 생기면 위에서 얘기한 잡어의 입질보다 더 예민한 입질을 보이기도 한다.가장 가볍고 예민성이 뛰어나다는 0호의 찌를 사용해도 찌에는 전혀 입질 형태가 나타나지 않고 찌가 더 이상 내려가지 못하게 원줄 제일 밑에 끼워 놓은 찌 멈춤 고무만 살짝 내려가면서 찌와의 간격이 조금 벌어지는 것을 보고 챔질해야 바늘 걸림이 될 정도로 예민함을 보이기도 한다.따라서 찌를 완전히 가져가는 입질을 보이지 않는다면 찌든 찌 멈춤 고무든 약간의 움직임만 보이더라도 챔질을 하고 봐야 하는 것이 벵에돔의 입질 습성이다.챔질 타이밍은 감성돔보다 빠르게 가져가면서 챔질의 형태는 여유 줄을 많이 주지 않는 벵에돔 낚시의 특성상 낚싯대 끝을 가볍고 빠르게 끌듯이 가져가는 것이 핵심이지만 본류대의 긴꼬리 벵에돔 같은 경우는 챔질의 동작을 빠르고 크게 해야 바늘 걸림이 될 확률이 높다.​                                      벵에돔 낚시 도중 표층까지 떠오른 돌돔을 낚은 낚시인​ 참돔의 입질은 매우 강렬하면서 시원스럽게 나타난다.참돔 낚시의 특성상 본류대의 빠른 조류에서의 낚시가 많이 이루어지다보니 찌를 보고 어신을 파악하는 것이 아니라 릴의 베일을 열어 놓고 조류가 찌를 가지고 가는 속도만큼 줄을 주면서 기다리다 보면 스플에 감겨져 있던 줄이 빠르게 풀려 나가는 것을 보고 입질 유무를 판단하게 된다.지류권에서 찌를 멀리 보내지 않고 낚시를 하더라도 감성돔의 예신이나 벵에돔의 약은 입질 같은 건 전혀 하지 않고 한 겨울에도 눈 깜짝할 사이 찌가 시야에서 사라져 버리며 곧바로 원줄을 끌고 갈 정도로 먹이에 대한 공격이 포악한 편이다.낚시인과 찌의 거리가 그리 멀지 않은 지류권에서는 원줄을 끌고 갈 때 베일을 닫으면서 바로 큰 챔질에 들어가면 되지만 본류대의 먼 거리에서 원줄이 갑자기 빠르게 풀려나가는 입질을 받으면 베일을 닫고 잠시 기다렸다 참돔의 움직임이 낚싯대에 전해 질 때 낚싯대를 두 손으로 잡고 뒤로 크게 챔질을 해야만 정확한 바늘 걸림을 기대할 수 있다.​                               대형 참돔을 끌어내기 위한 지름 55cm 이상의 프레임을 가진 뜰채​ 원줄을 가지고 가는 입질을 보고 베일을 닫음과 동시에 챔질을 하면 바람이나 조류 등에 밀려 크게 휘어져 있던 원줄의 여유 분량 때문에 크게 챔질을 해도 원줄만 하늘로 올라 올 뿐 바늘까지 챔질의 힘이 전달되지 못하는 경우가 생기면서 그사이 참돔이 바늘을 뱉어버리는 경우가 종종 발생하기도 하지만 하늘로 올라온 여유 줄을 감고 나서 두 번째 챔질을 해야 하는 경우도 발생하기 때문이다. 베일을 닫고 잠시 기다리면 휘어져 있던 여유 줄까지 다 가져가고 원줄이 팽팽해지면서 참돔의 달아나는 움직임이 낚싯대까지 전달 될 때 감성돔이나 벵에돔의 챔질과는 달리 낚싯대를 큰 동작으로 뒤로 젖히면서 챔질해야 먼 거리 있는 참돔 입안에 바늘 걸림이 확실하게 될 확률을 높일 수 있다.바늘 걸림이 된 뒤 끌어내는 것도 다른 어종과 달리 챔질 후 50m든 100m든 스플을 풀고 달아나다 힘이 빠져 설 때까지 낚싯대를 세우고 기다려야 한다.챔질 후 참돔은 먼 바다를 향해 달아나는데 낚시인이 릴링을 해버리면 서로 당기는 힘을 이기지 못하고 원줄이든 목줄이든 어느 한 곳이 끊어지는 사태가 발생하기 때문이다.​                                    60cm급 참돔을 걸어 낚싯대 손잡이 끝 부분을 허리춤에 대고                                                릴링과 펌핑을 하고 있는 낚시인​ 같은 크기의 참돔이라도 조금의 차이를 보이기는 하지만 50m 이상 원줄을 끌고 가면 사이즈가 70cm 정도는 되는 것으로 생각하고 낚싯대 손잡이 끝부분을 오른쪽 허리춤(오른손으로 낚싯대를 잡는 낚시인의 경우)에 붙이고 오른손으로는 낚싯대의 릴 시트 부분을 잡고 낚싯대를 세운 상태로 기다리다 참돔이 도망가길 멈추면 끌어 낼 수 있는 확률이 80%이다.한번 멈추면 다음에 도망가는 거리는 멀어야 한번에 10m 정도도 되지 않기 때문에 천천히 낚싯대를 내리면서 원줄을 감아드리는 릴링을 하고 내려진 낚싯대를 천천히 세워 올리는 펌핑을 계속하다 보면 어느 순간 찌가 수면위로 올라오고 뒤따라 거대한 몸집의 참돔이 바다를 붉게 물들이며 수면으로 부상하게 된다.참돔의 특성상 70cm 이상의 대형급들은 한번 수면위로 부상해서 공기를 마셔버리면 다시 수면 아래로 힘을 쓰며 내려가지 못하고 흰 배를 뒤집고 항복하고 만다.갯바위 가까이 끌고 와서 뜰채에 담고 건져내기만 하면 승리는 내 것이다.​                          끌어내기에 성공한 낚시인이 60cm 참돔을 품에 안고 환하게 웃고 있다.​ 이렇듯 어종에 따라 입질의 형태가 조금씩 다르게 나타나는 것은 그 어종이 갖는 구강구조와 먹이를 먹는 습성이 조금씩 다르기 때문으로 감성돔은 입이 튀어나와 있으면서 먹이를 흡입하는 것이 아니라 입 끝으로 살짝 물었다가 입 안으로 집어넣기 때문에 예신과 본신이 다르게 나타나는 것이며 바늘 또한 감성돔의 돌출된 구강구조에 맞게 벵에돔 바늘에 비해 허리가 길게 만들어졌으며, 벵에돔 바늘은 뭉툭한 입에 맞추어 허리가 짧으면서 예리하고 날카롭게 만들어졌다.참돔 바늘은 참돔의 입이 큰 것과 먹이 감이다 싶으면 포악하게 달려들어 쭉 빨아들이는 시원스런 입질 탓에 바늘도 크고 굵은 것이 특징이다.​   바다낚시에 있어 가장 밀접하면서 경계해야할 대상이 바람의 세기와 방향이다.계절별로 대상어의 활성도를 높여 낚시에 도움이 되는 바람이 있는가 하면 활성도를 떨어 트리는 바람도 있으며, 심하면 갯바위에 올라서지도 못하게 하는 바람과 갯바위에서 낚시를 하다가도 이 바람이 불면 재빠르게 철수하거나 섬의 높은 곳으로 짐을 옮겨 놓고 사람도 빠르게 높은 곳으로 피신해야 안전한 바람도 있다.바람의 우리말 이름과 바람의 방향에 따른 대상어의 활성도와 갯바위에 오른 낚시인을 위험하게 하는 바람 등을 알아보기로 하자.  바람의 종류와 우리말 이름동풍 : 샛바람서풍 : 하늬바람, 갈바람북풍 : 높은바람, 된바람남풍 : 마파람 북동풍 : 높새바람북서풍 : 높하늬바람남서풍 : 서마바람 ?남동풍 : ?  우리나라에 부는 바람을 크게 보면 두 가지의 계절풍이 있다.초겨울인 11월부터 다음해2~3월까지 일주일에 3~4일 이상 불어오는 겨울 계절풍인 북서풍과 3월부터 10월까지 불어주는 여름 계절풍인 남동풍이다.북풍(높은바람)이나 북서풍(높하늬바람)은 겨울철 북쪽의 차가운 고기압이 만들어내는 바람으로 남쪽으로 내려 불면서 우리나라의 기온을 떨어트리고 서해안이나 남해안의 따뜻한 표층수를 먼 바다로 밀어내면서 수온이 뚝 떨어지기 때문에 북서풍이 불기 시작하면 남해안의 내만권이나 서해안에서의 감성돔낚시는 거의 마감을 하게 되지만 대신 준 내만권의 섬들의 수온이 15~17도 정도로 적당해 지면서 큰 씨알의 감성돔 낚시가 시작되는 시기이기도 하다.12월 들어 북서풍의 위력이 더해지면 준 내만권에서 원도권으로 포인트가 옮겨 가는데 이시기가 원도권에서 가장 활발하게 입질을 해주는 년 중 최고의 감성돔 시즌이라 할 수 있다. 3월이 되면 차가운 북서풍이 부는 날이 점점 줄어들면서 춘풍이라 불리는 남동풍이 불어오기 시작한다.이시기가 되면 대한해협으로 흘러드는 쿠로시오 해류의 세력이 조금씩 커지는 시기로 쿠로시오의 기운을 받은 따스하고 훈훈한 봄바람이 남쪽에서 불어오는 시기이다.​ 14~15년 전쯤으로 기억되는데 여수에 낚시를 가서 현지인들과 얘기를 나누다보니 어부들이 가장 무서워하는 바람이 쓰마바람이라는 것이다.먼 바다로 그물을 치러 나갔던 어부들이 쓰마바람이 시작된다 싶으면 내리던 그물을 거두어 드릴 시간도 없기 때문에 칼로 그물을 자르고 빠르게 귀항한다는 것이다.그분들의 얘기로는 쓰마바람이 불기 시작하면 갑자기 파도가 높아지기 때문에 모든 어부들이 제일 무서워하는 바람이며 낚시인들이 야영 낚시 중 사고를 당하는 바람도 이 쓰마바람의 영향이 제일 크다는 것이다.집에 돌아와서 쓰마바람이 무엇인가 싶어 사전을 찾아봐도 그런 이름의 바람은 없기에 가까운 도서관에 가서 기상관련 책을 다 뒤져봐도 쓰마란 이름을 가진 바람은 없었고 다른 바람은 다 우리말 이름을 가지고 있지만 남서풍과 남동풍은 우리말 이름도 찾을 수가 없었는데, 어느 책 한편에서 서마바람이란 이름과 함께 가장 빠른 시간에 우리나라 남해안에 높은 파도를 일으키는 바람이라 적혀있었으며 같은 풍속으로 북동풍이 10시간 불어야 생겨날 파도의 크기를 서마바람(남서풍)은 두 시간이면 만들어낸다는 것이다. 그 이유로는 우리나라가 삼면이 바다이긴 하지만 동쪽과 남쪽은 일본열도가 막아주고 서쪽은 중국의 대륙이 바람을 막아주지만 남서쪽은 막힌 곳이 전혀 없기에 바람이 거침없이 밀고 들어오기 때문이며 태풍이 오더라도 바람이 돌고 돌아 제일 마지막으로 이 서마바람이 세차게 불고 나서야 소멸된다는 것이다.아마도 서마바람이 전라도 지역의 방언으로 쓰마바람이 된 것 같아서 다음에 여수에 가서는 바람의 방향과 큰 파도를 만들어내는 속도와 태풍의 마지막 바람까지 맞는다는 것을 확인하고 나서야 그 어부들께서도 쓰마바람이 서마바람의 방언이란 것을 그제야 처음 알았다고 알려준다.이 서마바람은 어부들 뿐 아니라 우리 낚시인들께서도 꼭 알아야 할 바람이다. 남서풍이 불기 시작한다 싶으면 빠르게 모든 짐부터 섬의 제일 높은 곳으로 옮겨 놓고 낚시를 하는 것이 좋을 듯하고 될 수 있으면 빠르게 철수 하는 것이 제일 안전할 것으로 생각된다.​ 동풍은 샛바람이라고 해서 낚시에 악영향을 끼치는 바람으로 알려져 있지만 모든 곳에서 그렇진 않다.동해안 같은 경우는 샛바람이 강하게 불면 먼 바다의 따듯한 표층수를 연안으로 밀어주기 때문에 두 시간만 불어주어도 연안의 바다 수온이 1도 이상 오르게 되고 갯바위에 부딪치는 높은 파도에 물색도 흐려지기 때문에 감성돔의 경계심이 약해지면서 평상시보다 훨씬 높은 활성도를 보이기에 낚시가 더 잘 되는 것으로 알려져 있는 바람이지만 문제는 남해안이다.샛바람 사흘이면 어부들 식단에 생선이 없다는 말이 생길 정도로 동풍(샛바람)이 불면 모든 어종의 활성도가 떨어지면서 낚시도 잘 되지 않지만 왜 모든 어종의 활성도가 떨어지는지에 대해서는 알려진 바가 없으며 이런 저런 설만 있는 것이 사실이다.기상관련 책에서 필자가 본 것 중에 기억에 남는 것은 그 책을 지은 기상학자가 연구하고 관찰해서 발표해 놓은 것을 보면 샛바람은 발생해서 24시간 안에 소멸될 확률이 50%이고 48시간 이내에 소멸될 확률은 80%이며 사흘 이상 불어 줄 확률은 채 20%가 되지 않는다는 것이다.바람은 파도가 일어나는 표층에만 영향을 주는 것이 아니라 수심 깊은 수중에도 많은 영향을 끼치는 것으로 알려져 있다.따라서 겨울이면 늘 불어주는 북서풍이나 북동풍 등 북풍 계열의 바다 속 환경에 익숙해져 있다가 가끔씩 잠깐 동안 불어주는 샛바람의 영향으로 물 속 환경에 작은 변화가 생기면서 모든 어종의 활성도에 영향을 끼치는 것은 아닐까 하는 것이 필자의 개인적인 생각이다.서풍(갈바람)은 남해안에서 감성돔 낚시에 절대적인 영향을 끼치는 것으로 알려져 있다.특히 가을철 30cm급의 씨알 작은 감성돔만 나올 때면 현지 낚시인들은 갈바람이 불어주길 학수고대하고 기다리는 것을 자주 볼 수 있다.가을에 불어오는 갈바람이 피부에 닿는 느낌은 싸늘하지만 갈바람이 한번 세게 불어주고 나서야 작은 녀석들이 물러나면서 40cm급 씨알 좋은 녀석들이 갯바위 가까운 곳으로 들어오기 때문이다.​  필자는 아직도 남서풍과 남동풍에 대한 순수한 우리말 이름을 모른다. 서마바람이란 이름도 순 우리말 이름은 아닌 듯 하고, 내가 모르는 것인지 두 바람에 대한 우리말 이름이 없는 것인지...그 당시 기상과 관련된 책 중 바람에 관한 것은 모두 찾아보았지만 이 두 가지 바람에 대한 이름은 어느 책에서도 찾아 볼 수 없었다.혹시 이 글을 보시면서 두 바람의 우리말 이름을 아시는 분이 계시면 필자에게도 알려주시길 부탁드린다.  ※ 위 저작물에 대한 저작권은 작가에게 있음을 알려드립니다. 작가의 허락없이 저작물을 퍼가거나 사용할 수 없을을 알려드립니다.  




글/사진 
									
										
										
											박원모
										
									
								
현재 낚시채널 FTV 제작위원 및 국민 생활체육 대구낚시연합 자문위원으로 활동하고 있으며 섬과 섬사람들에 3년째 낚시관련 글을 연재하고 있습니다.

									본 콘텐츠의 저작권은 저자 또는 제공처에 있음을 알려드립니다.
									또한 무단으로 콘텐츠를 이용하는 경우 저작권법 등에 따라 법적 책임을 질 수 있으니 유의하시기 바랍니다.
								



추천 추천


























이전글 이전글
다음글 다음글


목록









[바다]  에필로그1. 기본 장비 및 소품




[바다]  에필로그4. 바다낚시의 예절과 안전대책




[바다]  에필로그3. 미끼와 밑밥에 관한 상식




[바다]  에필로그2. 해류와 조류(물때)에 관한 상식




[바다]  제10장 어종 별 입질 형태와 끌어내기, 바람과 낚시"
[바다]  에필로그2. 해류와 조류(물때)에 관한 상식,"[바다]  에필로그2. 해류와 조류(물때)에 관한 상식

							
								
								
									예조원
								
							



조회수조회수 1009
좋아요 수좋아요 수 2




 








 바다는 고여 있는 물이 아니다. 마치 생명체처럼 끊임없이 움직인다. 일정하지도 않다. 내륙의 강물이 상류에서 하류로 흘러내려가는 것과는 다르다. 바닷물은 상류도 없고 하류도 없지만 단 한순간도 멈추는 일 없이 살아 움직인다. 바닷물이 끊임없이 움직이는 원인은 우주에 있다. 지구의 공전과 자전, 달의 공전, 태양, 지구, 달의 인력, 원심력 등등이 바닷물을 움직이게 만든다. 지구과학 이론을 익히지 않더라도 낚시인의 입장에서는 눈에 보이는 현상만 잘 관찰하고 이를 낚시에 잘 활용하면 된다. 해류와 조류가 그것이다. 바다의 동맥과 정맥에 해당하는 해류와 조류의 움직임이야말로 바닷물고기를 움직이게 만드는 원동력이기 때문이다. 이 가운데 해류는 눈에 쉽게 띄는 현상은 아니지만 조류는 시시각각 변하는 것을 눈으로 확인할 수 있다. 게다가 흔히 ‘물때’라고 부르는 조석(潮汐) 현상은 보름간을 주기로 되풀이되는 규칙성이 있어 조금만 신경을 쓰면 그 원리를 터득할 수 있다.  해류(海流)란 무엇인가 ∥ 바다의 동맥 지구 규모로 일어나는 바닷물의 수평방향 흐름을 해류라고 부른다. 밀물과 썰물에 의해 흐름이 자주 바뀌는 조류와는 달리 해류는 거의 일정한 방향으로 끊임없이 흐른다. 해류에는 따듯한 성질의 난류와 차가운 성질의 한류가 존재하며, 이들로 인해 물고기들이 모이는 대규모 어장이 형성되기도 한다. 우리나라 주변 해역도 난류와 한류의 영향을 받고 있으며 각각의 영향력에 의해 어장이 형성되고 있다.  ■해류 발생의 원인은 해양순환(海洋循環)  해류가 발생하는 원인에 대해서는 여러 가지 학설이 있지만, 크게 나누면 ‘표층순환(表層循環)’과 ‘심층순환(深層循環)’이다. 해수면과 바람과의 마찰로 인해 발생하는 마찰운동으로 표층순환이 발생하고, 수온이나 염도의 밀도 차이로 인해 심층순환이 발생한다.이 두 가지를 통칭하여 ‘해양순환’이라고 부르는데, 해류가 바닷물의 흐름을 중시하는 데 비해 ‘해양순환’이란 용어는 전 지구적인 바닷물의 순환을 중시하는 표현이다.  ■난류(暖流)와 한류(寒流)  난류는 저위도 지역에서 고위도 지역을 향해 흐르는 해류를 말한다. 해류도(海流圖)에는 보통 붉은색 선으로 표시한다. 난류는 주변의 대기를 덥히고 자신은 식어가는 해류로, 난류가 흐르는 연안은 온난 다습한 기후가 유지된다. 즉, 대기를 데우고 수증기를 공급함으로써 상승기류가 발생하고 비가 내리기 쉬워지는 것이다. 이같은 난류대는 일반적으로 투명하고 영양분이 적은 특징을 보인다.한류는 난류와 반대로 고위도 지역에서 저위도 지역을 향해 흐르는 해류이다. 해류도에는 파란색 선으로 표시한다. 주변의 대기를 식히고 자신은 데워져가는 해류로, 한류가 흐르는 연안은 수증기 발생이 거의 없어 한랭 건조한 기후가 되는 경향이 짙다. 열대지방의 해안 사막은 한류의 영향으로 형성된 것이다. 일반적으로 탁하고 녹색을 띄는데, 비교적 수온이 낮으므로 영양염류가 많아 플랑크톤이 풍부해지므로 어업에 대한 영향력이 크다. ​    ■우리나라에 영향을 주는 해류는?  우리나라에 영향을 주는 해류는 난류인 쿠로시오 해류와 한류인 리만 해류이다. 직접적으로는 쿠로시오 해류의 지류인 쓰시마 해류가 대한해협을 통과해 동해안으로 흘러든다. 반대 방향에서는 리만 해류의 연장선인 북한 해류가 오호츠크해로부터 흘러든다. 이들 난류와 한류는 함경북도 연안쯤에서 만난다.이 두 해류는 우리나라의 바다 어장과 낚시에 큰 영향을 미친다. 그런데 쓰시마 난류의 경우는 지구온난화와 더불어 갈수록 영향력이 강해지는 것으로 보고되고 있다. 직접적인 영향을 받고 있는 남해안이나 동해남부 지역에 아열대성 물고기가 출현하고 대형 회유어들이 등장하고 있는 것이 좋은 예이다. 북한 해류의 경우도 마찬가지이다. 한류의 영향력도 동시에 강해지고 있는 것으로 알려지고 있는데, 동해안과 남해동부에 청어와 대구가 풍어를 맞고 있는 것이 그 사례에 속한다. ​    조류(潮流)와 물때(潮汐) ∥ 바다의 정맥 하루 2회, 밀물과 썰물에 의해 발생하는 바닷물의 흐름을 조류라고 부른다. 밀물과 썰물, 즉 바닷물이 들고 나는 현상을 별도로 조석(潮汐)이라고 부르는데, 이 조석현상에 의해 흐르는 조류는 매일 매일 그 방향과 속도가 달라진다. 이것이 곧 항상 일정한 방향으로 흐르는 해류와 구분되는 점이다. 조류는 곧 어제와 오늘이 다르고, 오늘과 내일이 또 다르다. 하지만 큰 범주로 보면 규칙성이 있는데, 보름을 주기로 되풀이 되는 물때가 그것이다. 이 물때야말로 바다낚시의 금과옥조가 된다.  ■조석(潮汐) - 밀물과 썰물  바닷물이 육지 방향으로 들어오는 것을 밀물(들물), 바다로 빠져나가는 것을 썰물(날물)이라 한다. 이를 합쳐 조석(潮汐)이라 부르는데, 조석 현상은 하루 2회씩(약 6시간 간격)의 밀물과 썰물이 반복된다. 또한 조석 현상 가운데 밀물이 가장 많이 들어온 최고의 상태를 만조(滿潮)라 하고, 썰물이 완전히 빠져나간 최저 상태를 간조(干潮)라고 한다.밀물과 썰물이 발생하는 원인은 지구 주위를 공전하고 있는 달 때문이다. 지구와 달이 서로 당기고 있는 인력에서 비롯되는데, 지구 표면의 바닷물은 액체이기 때문에 달의 인력에 의해 당겨졌다 늦춰졌다 하는 것이다. 예를 들어 달이 우리나라 하늘에 위치하거나 정반대로 지구 반대편에 위치하고 있을 때 만조가 되고, 달이 동쪽이나 서쪽 수평선에 걸려 있을 때는 간조가 된다. 마찬가지 원리로 외국에서는 만조와 간조 시간이 달라지는 것은 물론 지역에 따라 시간차가 벌어진다. ​    ■물때 그리고 사리와 조금  매일 발생하는 조석현상, 즉 하루 두 차례 발생하는 밀물과 썰물이지만 그 현상은 항상 일정하지 않다. 시간이 49분여씩 느려지는 것과 마찬가지로 흐르는 속도와 들고 나는 물의 양도 달라진다. 그러나 큰 흐름은 15일을 주기로 규칙성을 띠는데, 15일 단위로 변하는 조석 강약의 주기를 ‘물때’라 부른다. 간만의 차가 가장 적은 날(조류의 속도가 가장 느린 날)을 1물로 시작하여 2물, 3물…, 12물, …, 15물(조금 또는 무시) 등, 15일을 주기로 그 이름을 붙이는 것이다.이 가운데 ‘사리’는 바닷물이 가장 많이 들었다가 빠지는 날로 음력으로 보름(15일)과 그믐(30일)이다. ‘조금’은 그 반대로 바닷물이 가장 적게 들고나는 날로 음력 8일과 23일, 다시 말해 반달(상현과 하현)이 뜨는 날이다. 사리 때는 정해진 시간 동안 들고나는 바닷물의 양이 많으므로 당연히 그 흐름의 속도가 빠르다. 반대로 조금 때는 조류의 속도가 최저가 된다.그런데 이 물때란 예부터 어민들에 의해 편의상 구전돼 온 것으로 지역에 따라 물때 명칭이 달리 나타난다. 상현달과 하현달이 뜨는 음력 8일과 23일을 조금이라 부르는 것은 지역에 관계없이 공통적인데, 그 다음 9일과 24일을 곧장 1물이라 부르고 2물, 3물로 이어가는 지역이 있는가 하면, 9일과 24일을 따로 ‘무시’라 칭하고 10일과 25일부터 1물로 시작하는 지역도 있다. 정확한 조사에 의하면 전남 녹동 지역부터 여수를 거쳐 남해동부 지역에서는 조금 다음날부터 곧장 1물로 시작하고, 서해 전역과 남해서부 장흥 지역까지는 조금 다음날에 무시를 끼워 넣은 것으로 나타난다. <표 참조>거듭 설명하지만 이 물때 이름으로 간만의 차이를 추정하는 일은 예부터 어민들에 의해 구전돼 온 것으로 과학적 근거가 있음에도 불구하고 절대적인 수치로 받아들여선 안 된다. 지역적·지형적 특징으로 많은 차이가 발생할 수 있기 때문이다. 그래서 우리나라 정부 기관(국립해양조사원)에선 과학적 조사를 바탕으로 1년 365일의 조석 수치를 발표하고 있다. 그것을 조석표(潮汐表)라 부르는데, 이 조석표에는 물때 이름 대신 매일 매일의 간조와 만조 시각, 그리고 간조와 만조 때의 수위(조고)를 cm 단위의 수치로 표시하고 있다  ■조석(물때)이 주기적으로 발생하는 원인  조석 현상은 주로 달과 지구의 인력에 의해 벌어지지만, 물때는 지구와 달, 그리고 태양의 인력까지 합세해 벌어지는 현상이다. ‘태양-지구-달’ 또는 ‘태양-달-지구’의 순서로 3개의 천체가 일직선으로 놓이는 날에 인력이 최고치가 되므로 들고나는 바닷물의 양이 가장 많은 날(사리)이 된다. 이와 반대로 지구를 중심으로 태양과 달이 직각을 이루는 날이 지구에 미치는 인력이 분산되므로 바닷물의 들고나는 양이 가장 적은 날(조금)이 된다.태양과 지구와 달의 순서가 어떻게 되든 일직선이 되는 날은 보름(15일)이거나 그믐(30일)이고, 역시 그 방향이 어떻든 직각을 이루고 있다면 상현(8일)이거나 하현(23일)이다. ​    ■물고기가 잘 낚이는 물때  일반적으로 간만의 차가 크고 조류가 잘 흐르는 사리 전후에는 갯바위낚시가 잘 되고, 간만의 차가 적고 조류가 느린 조금 전후는 배낚시가 잘 된다고 한다. 그러나 이는 상황에 따라 대상어종에 따라 정확한 대답이 될 수 없다. 조류가 잘 흐르면 물고기의 활성은 좋아지지만, 장소에 따라서는 조류의 흐름이 너무 빨라 채비 조작이 힘든 등 부작용도 생긴다. 더욱이 바닥이 개흙으로 이루어진 서해의 경우에는 흙탕물이 발생해 낚시가 곤란해지는 경우도 많다.실례를 들면, 배낚시로 우럭이나 넙치를 노리는 경우는 조류가 느린 조금을 전후한 시기가 잘 된다. 그러나 같은 상황에서 부시리와 같은 회유어는 조류가 느린 조금에는 잘 낚이지 않는다. 연안 갯바위 주변은 같은 사리라고 해도 조류가 한바다만큼 빠르지 않다. 수중 암초나 갯바위가 흐름을 방해하는 작용을 하기 때문이다. 그래서 갯바위낚시가 사리에 잘 된다고 말하는 것이다.만일 먼 바다의 외딴 간출여라면 한바다와 거의 같은 속도의 조류로 인해 낚시하기가 힘들 것이다. 이런 장소는 오히려 조금을 전후한 시기에 낚시가 잘 된다. 어떤 어떤 물때가 최고라는 답은 있을 수 없다. 항상 시기와 지역에 대한 차이를 인정해야 한다.  ■물때에 따른 시간도 중요!  바다낚시에서 물때만큼 중요한 조건이 있다. 좋은 시간대를 찾는 것이다. 물고기가 활발하게 먹이를 먹는 때는 조류가 흐르는 동안이고, 또 아침과 저녁이다. 조류가 멈추는 만조 시간과 간조 시간에는 물고기들이 입을 닫고, 대낮에도 입질이 뜸하다. 더구나 연안 낚시터는 수심이 깊은 장소가 아니라면 썰물 때는 수심이 얕아져 낚시가 안 되는 곳이 많다.그러므로 만조 시간을 전후하되 잠시 조류가 멈추는 만조 시간을 피한 시간, 즉 만조 전후의 2시간씩이 최고로 입질이 기대되는 시간이다. 이때 낚시에 집중해야 한다.참고로 사리를 지나 2~3일간은 만조 시간 전후를 기대해 볼만하다. 물고기가 활발하게 먹이를 찾는 아침이나 저녁 햇빛이 어스름한 시간대와 맞아 떨어지는 경우가 많으니 이때를 놓쳐서는 안 된다.  ■일조부등(日潮不等)을 염두에 두자!  ‘일조부등’이란 하루 동안 두 번 반복되는 만조와 간조의 수위가 동일하지 않다는 뜻이다. 쉽게 말하자면 오전 첫 번째 만조 시간에 잠기지 않았던 갯바위가 오후 두 번째 만조 시간에는 물에 잠기는 경우가 있는데, 바로 이를 말한다. 이런 현상은 지구의 자전축이 기울어져 있어서 달의 공전 궤도와 일치하지 않는 데서 비롯한다.이론적으로 일조부등은 달이 북회귀선이나 남회귀선을 지나는 시기인 여름과 겨울의 사리, 봄과 가을의 조금에 가장 심하게 나타난다. 그러나 조금 때는 그 차이를 느끼기가 어려우므로 실제적으로 체감할 수 있는 시기는 여름과 겨울의 사리 때이다.일조부등은 낚시터 안전사고와도 관련이 깊다. 안전한 방파제라면 모르겠으나 갯바위낚시의 경우, 높아진 수위에 퇴로가 차단되기도 하고, 낚시하던 자리에 물이 차오를 수도 있다. 같은 밀물과 썰물이라도 하절기에는 밤에 수위가 보다 높고, 동절기에는 낮에 수위가 더 높다는 점을 기억해 두어야 한다. ​    INFO 만조와 간조 시간은 매일 49분씩 느려진다  밀물과 썰물은 약 6시간 단위로 되풀이된다. 그렇다면 오늘 1시가 만조였다면 내일도 1시에 만조가 될까? 그렇지 않다. 다음날 만조 시간은 1시 49분이다. 하루에 2번씩 반복되는 만조와 간조가 정확히 6시간마다 벌어진다면 오죽 편하랴만, 자연현상은 항상 우리에게 에누리를 남긴다.매일 49분씩 늦어지는 이유는 지구의 자전주기와 달의 공전주기가 서로 똑같지 않기 때문이다. 지구는 1회 자전하는 데 24시간이 걸리지만 달이 지구를 1회 공전하는 데는 24시간 49분이 걸린다. 조석 현상은 달이 지배하므로 그 시간차가 매일 49분씩 늦어지는 형태로 나타나는 것이다. TIP 사리 다음날에 조류가 더 강하다던데?음력 보름과 그믐날의 사리 때가 가장 조류가 빠른 날이라고 흔히 말하지만 낚시터 현장에 나가 보면 사리를 하루 이틀 지난 날(음력 16~17일 또는 1~2일)에 조류가 더 빠르게 흐르는 것을 느낄 수 있다. 왜 그럴까?음력 15일(보름)과 30일(그믐)에 태양과 지구와 달이 일직선을 이루므로 지구에 미치는 인력이 최고치를 보인다. 이론적으로는 이날의 만수위가 가장 높고 조류도 가장 빨라야 한다. 그러나 액체인 바닷물이 강해진 인력에 즉각적으로 반응을 못한다는 사실이 문제다. 바닷물이 딸려오는데 시간적인 격차가 하루나 이틀 정도 걸리는 것이다. 마찬가지로 조금보다는 무시나 1물의 유속이 더 느릴 수도 있다. TIP 사는 물때와 죽는 물때란?일반적으로 조금에서 사리로 향하는 시기, 즉 조류가 점차 빨라지는 시기를 편의상 ‘사는 물때’라고 부른다. 구체적으로는 3물, 4물, 5물이 여기에 해당한다. 반대로 사리를 지나 조금을 향해가는 시기는 조류가 점차 느려지므로 ‘죽는 물때’라고 부른다. 10물, 11물, 12물이 여기에 해당한다.이 시기의 물때에는 조류가 극단적으로 빠르지도 않고 느리지도 않으므로 낚시하기에는 적당한 조건이 된다. 물론, 항상 낚시가 잘 된다는 뜻​ 




글/사진 
									
										
										
											예조원
										
									
								
낚시채널 FTV에서 방송 프로그램을 진행하고, 낚시잡지에 글을 연재하며, 틈나는 데로 집에서 어탁작품을 하는 등 낚시와 더불어 살고 있는 낚시 선비로서 대학, 낚시단체의 강의를 하고, 낚시활동은 전국을 무대로 합니다.

									본 콘텐츠의 저작권은 저자 또는 제공처에 있음을 알려드립니다.
									또한 무단으로 콘텐츠를 이용하는 경우 저작권법 등에 따라 법적 책임을 질 수 있으니 유의하시기 바랍니다.
								



추천 추천


























이전글 이전글
다음글 다음글


목록









[바다]  에필로그1. 기본 장비 및 소품




[바다]  에필로그4. 바다낚시의 예절과 안전대책




[바다]  에필로그3. 미끼와 밑밥에 관한 상식




[바다]  에필로그2. 해류와 조류(물때)에 관한 상식




[바다]  제10장 어종 별 입질 형태와 끌어내기, 바람과 낚시"
[바다]  에필로그3. 미끼와 밑밥에 관한 상식,"[바다]  에필로그3. 미끼와 밑밥에 관한 상식

							
								
								
									예조원
								
							



조회수조회수 985
좋아요 수좋아요 수 0




 








  성공적인 낚시가 되기 위해서, 즉 물고기를 잘 낚기 위한 기술적인 요소 중에서 가장 중요시해야 하는 것이 있으니 바로 ‘잘 낚이는 미끼’를 사용하는 일이다. 잘 낚이는 미끼라는 것은 포인트 범위에 있는 물고기가 지금 포식하고 있는 것, 혹은 가장 먹고 싶어 하는 것이다. 만일 같은 장소에서 나란히 낚시를 하는데도 옆 사람에게만 낚인다면 우선 그 사람이 사용하고 있는 미끼가 무엇인지를 살펴볼 일이다. 낚시터에서 미끼의 선택에 주의를 기울이는 것이야말로 자기 자신의 낚시 기술을 향상시키는 지름길이 될 것이다.    먹이와 미끼의 상관 관계 물고기가 먹고 있는 먹이와 물고기를 낚기 위해 사용하는 미끼는 같을 수도 있고 서로 다를 수도 있다. 낚시 미끼와 생태계 먹이의 차이는 대상어의 입질 빈도를 높여 잘 낚이도록 만들어주어야 한다는 점이다. 물고기가 먹는 자연생태계의 먹이를 바탕으로 한 연구 즉, 포함된 성분 분석, 입질을 유도하는 조건 등이 밝혀지면서 보다 좋은 미끼가 등장하게 되었다.오늘날의 낚시 미끼는 실제 물고기의 먹이 그대로인 경우도 있지만 물고기의 서식환경과 상관없는 물질이거나 루어와 같은 인공물체일 수도있다. ■오감을 자극하는 ‘포식 촉진’ 화학물질  물고기는 시각·후각·미각·청각·촉각 등의 감각기관을 활용하여 먹이를 찾아 먹는다. 어떤 물고기라도 여러 가지 먹이 중에서 특히 좋아하는 먹이가 따로 있는데, 여기에는 물고기의 미각과 후각, 또는 시각을 자극하여 포식을 촉진하는 화학물질을 포함하고 있다. 예를 들면 방어가 즐겨먹는 전갱이는 육질에 이노신산(inosinic acid)이 함유되어 있고 이것이 방어의 입맛을 촉진하여 먹이를 찾게 만든다. 이노신산은 사람들도 좋아하는 맛 성분으로서 조미료로 만들어져 시판되고 있다.이와 같이 물고기들이 먹이를 먹도록 촉진하는 물질은 여러 가지가 있다. 단맛과 감칠맛을 내어 미각과 후각을 자극하는 알라닌(alanine), 글리신(glycine)과 같은 각종 아미노산, 시각을 자극하여 입을 사용하게 만드는 아스타키산틴(astaxanthin)이나 형광물질 등이 대표적이다.이와 같이 물고기의 입맛을 자극하여 포식을 촉진하는 물질의 존재는 낚시 미끼의 효과적 활용(미끼의 선정, 밑밥의 이용 및 재료의 선택)에 큰 도움이 된다. 또한 이런 포식 촉진물질을 실마리로 해서 해당 물고기의 서식환경에는 존재하지 않지만 예를 들면, 남극크릴과 같은 더 효과적인 새로운 낚시 미끼를 발견할 가능성도 있다. ■낚시 미끼의 기본 조건  물고기의 식욕을 이용하여 대상어를 유혹하는 수단이 바로 미끼이다. 또한 바늘을 물게 만들어 그 바늘이 입에 걸리게 하는 재료이기도 하다. 따라서 낚시의 성패는 미끼에 있다고 해도 과언이 아니다. 그러므로 미끼는 물고기가 확실하게 낚싯바늘에 걸리도록 만드는 기본적인 조건을 갖추고 있어야 한다.  ▶색체와 광택 - 낚시 미끼는 본래 갖고 있는 색체와 광택을 잃지 않아야 한다. 특히 살아있는 미끼나 생미끼를 사용할수록 매우 중요한 조건이다. 예를 들어 죽어서 색이 변한 참갯지렁이나 새우는 미끼로서의 역할을 다하지 못한다.  ▶형태 - 미끼의 형태는 원형을 유지하는 것이 중요한 조건이다. 살아있는 미끼나 생미끼에서는 형태, 즉 꼬리가 떨어진 정어리나 머리를 떼어낸 새우 등을 미끼로 사용했다면 입질이 좋지 않다. 한편, 낚고자 하는 물고기에 대해 미끼의 크기가 적당한가도 중요한 조건이다. 예를 들어 갯지렁이로 농어와 같은 대형어를 노리는 경우에는 한 마리를 통째 꿰지만, 작은 체구의 보리멸을 낚을 때는 적당한 길이로 토막 내는 것이 보통이다. 그밖에 작은 새우를 두 마리 꿰기를 한다거나, 지렁이나 갯지렁이를 여러 마리 꿰기를 하여 미끼가 물고기의 눈에 잘 보이도록 하는 경우도 있다.  ▶맛과 냄새 - 낚시 대상어 중에는 미각과 후각이 뛰어나 이를 먹이를 찾는 수단으로 사용하는 물고기가 많다. 또한 입안으로 들어온 먹이가 먹을 수 있는 것인지 아닌지를 식별하는 데에는 대부분 미각과 후각에 의존한다. 따라서 낚시 미끼가 갖는 맛이나 냄새가 중요한 조건으로, 특히 주로 후각으로 먹이를 찾는 야행성 물고기, 예를 들면 붕장어를 낚는 경우에는 냄새가 필수 조건이 된다.주로 시각에 의해 먹이를 찾는 가다랑어나 삼치와 같은 육식성 어류도 먹이를 입에 무는 순간까지는 색채와 광택, 혹은 형태가 중요한 조건이지만 그것을 먹는 단계에서는 맛이나 냄새가 식별의 주요 요소로 작용한다. 밑밥으로 신선한 곤쟁이를 사용하는 편이 입질이 좋은 것은 곤쟁이 고유의 맛과 냄새가 보존되어 있기 때문이다. 또한 참돔을 낚을 때 염장한 새우보다 생새우를 미끼로 사용하는 쪽이 더 잘 낚이는 것도 같은 이유이다.   ▶단단함과 부드러움 - 낚시 미끼의 단단함 또는 부드러움도 입질의 좋고 나쁨에 관련된 중요한 조건이다. 소라나 성게의 껍질을 부숴 먹는 돌돔이라도 실제 소화관으로 들어가는 것은 부드러운 속살뿐이다. 갯지렁이가 보리멸의 미끼로 뛰어난 이유 중의 하나는 흡입되기 좋은 점을 들 수 있다. 즉, 가늘고 길며 부드러운 갯지렁이는 먹이를 빨아들여 먹는 습성을 갖고 있는 보리멸을 낚는 데는 가장 적합하다.계절에 따라 단단한 먹이를 먹거나 부드러운 먹이를 먹는 식성이 바뀌는 물고기도 있다. 쥐노래미의 경우, 봄에는 새우를 즐겨 먹지만 가을에는 조개의 속살이나 참갯지렁이에 더 잘 낚인다.  ▶움직임 - 특히 육식성 물고기를 낚는 데에는 움직이는 미끼가 효과적이다. 살아있는 미끼를 사용하는 경우가 많은 것은 이러한 조건을 만족하기 때문이다. 그밖에 물고기 살점이나 조개의 속살과 같은 이른바 생미끼를 사용하는 경우에도 미끼가 적당히 움직이고 있는 것이 물고기의 입질을 유도한다. 루어, 모조바늘 등 가짜미끼도 움직이지 않으면 물고기가 다가오지 않는다. 살아있는 물고기나 생미끼인 것처럼 움직여 줌으로써 물고기가 낚인다는 재미도 있다.  미끼의 종류와 사용법 어류의 식성은 초식성·육식성·잡식성 3가지로 대별된다. 물고기를 낚아 즉석에서 배를 갈라보면 낚시터 현장의 물고기가 어떤 먹이를 취하고 있는지 알 수 있다. 미처 소화되지 않은 김·파래 등의 해조류 찌꺼기가 내재돼 있는가 하면, 형체가 뚜렷한 게가 눈에 띄기도 하고 심지어 포장용 비닐 조각이 발견되기도 한다.한 마디로 대부분의 물고기는 잡식성에 속한다. 그래서 다양한 종류의 미끼가 필요하지만 갖가지 미끼를 모두 지참할 수는 없다. 대상어종에 따른 대표적인 미끼를 준비하되 현장에서 구입하거나 직접 채취해 사용하는 응용력도 필요하다. ■크릴(krill) - 바다낚시의 만능 미끼   외형이 작은 새우를 닮은 갑각류이다. ‘크릴새우’ 혹은 ‘남극새우’로 부르는 까닭에 새우의 일종이라고 생각하지만 사실은 새우가 아니다. 크릴(krill)이라는 말은 원래 노르웨이의 포경선 어부들이 고래의 먹이가 되는 다양한 종류의 부유성 갑각류를 부르던 말로 ‘고래밥’ 혹은 ‘작은 치어’라는 뜻을 갖고 있다.난바다곤쟁이과에 속하는 크릴은 세계적으로 85종 가량에 이르는데, 그 규모는 남극크릴이 가장 큰 비중을 차지한다. 4~6cm 길이에 수명은 7년 정도. 남빙양에서의 크릴 조업 시기는 3~8월경으로, 그 중에서도 4~6월에 잡은 것을 최고의 품질로 꼽는다. 이때 잡힌 것일수록 흰색을 띠고 사이즈도 크기 때문이다. 알라닌과 메티오닌·플로린과 같은 아미노산이 다량 함유돼 있어 식용으로 개발하기 위한 연구가 진행되고 있다지만, 아직껏 크릴은 물고기의 사료 및 낚시미끼로서의 용도가 가장 큰 비중을 차지하고 있다.따라서 크릴 미끼는 언제 어디서건 손쉽게 구입해 사용할 수 있도록 상품화됨으로써 오늘날 바다낚시 미끼 시장의 주류를 이루고 있다. 크기와 냉동 상태에 따라 미끼용과 밑밥용으로 구분하는데, 미끼용은 아무런 가공을 하지 않은 알크릴이 있는가 하면 첨가물을 넣거나 열을 가해 살짝 익힌 제품 등 다양한 가공 제품들이 있다.   ▶대상 어종 및 사용법 - 바닷고기 가운데 크릴을 달갑지 않게 여기는 어종은 거의 없다. 선택적인 미끼가 아니라 거의 모든 대상어종들에게 가장 우선하는 미끼라 할 수 있다. 감성돔·벵에돔·참돔 등의 돔 종류를 비롯한 벤자리·망상어·학공치·고등어·전갱이는 물론 부시리·방어 등의 회유어종에게도 두루 잘 먹힌다. 한 마디로 찌낚시 또는 맥낚시를 할 때 최우선적으로 준비해야 할 미끼다.대상어종에 따라, 낚이는 씨알에 따라 한 마리 또는 두 마리, 여러 마리를 꿰되, 꼬리 꿰기를 하든 머리 꿰기를 하든 크게 상관은 없다. 우선은 쉽게 떨어져 나가지 않게 하는 것이다. ■갯지렁이 - 자연산 미끼의 총아   크릴 미끼가 등장하기 전, 1980년대까지만 해도 바다낚시의 대표적인 미끼로 꼽혔던 갯지렁이는 그 종류가 수없이 많다. 환형동물(環形動物) 가운데 가장 많은 종류를 차지하는데 세계적으로 약 8천여 종이 서식하는 것으로 알려져 있다. 육지에 서식하는 빈모류(貧毛類)의 일반 지렁이들도 사실은 바다의 다모류(多毛類) 일부가 거처를 옮겨 변화된 것이고, 빈모류 중에서 다시 담수로 흘러들어간 것이 오늘날의 거머리가 되었다고 한다.갯지렁이의 특징은 대부분 혈관이 잘 발달되어 있다는 점이다. 그래서 헤모글로빈(hemoglobin) 혈액을 함유하는 종류는 붉은색을 띠고, 클로로크루오린(chlorocruorin)을 함유한 종류는 녹색을 띤다. 우리가 흔히 보는 갯지렁이 종류의 색깔이 붉은색 또는 녹색인 이유도 바로 이 때문이다. 이 두 가지 색깔의 갯지렁이 가운데 낚시 미끼로 흔히 사용하는 종류는 2~4가지가 꼽힌다. 붉은색 계통의 참갯지렁이(일본명·혼무시)와 홍갯지렁이, 녹색 계통의 청갯지렁이와 강화산 청갯지렁이가 그 대표적이다.   ▶참갯지렁이 - 흔히 ‘혼무시(本蟲)’라 불리는 참갯지렁이(표준명·바위털갯지렁이)는 고급 낚시 대상어들이 좋아하는 미끼로 청갯지렁이보다 가격도 비싼 편이다. 감성돔·참돔·돌돔에게 진상하고 농어·붕장어·노래미·가자미 등에게도 인심 쓰듯 제공해도 된다. 감성돔 찌낚시의 경우는 단연 크릴이 우선이지만 간혹 갯바위에서 던질낚시를 하거나 배낚시를 할 때는 참갯지렁이가 위력을 발휘한다. 돌돔 처넣기낚시 또한 성게가 위력을 발휘할 때도 있지만 여느 때는 참갯지렁이에만 입질을 할 때도 있다.   ▶홍갯지렁이 - 동해남부와 남해동부 지역에서 즐겨 사용하는 홍갯지렁이(눈썹참갯지렁이)는 가장 값비싼 미끼로 취급된다. 홍개비·돌갯지렁이 등으로도 불리며, 참갯지렁이에 비해 개체가 작고 체질이 질겨 잡어의 성화를 이기는 데 도움이 된다. 감성돔·벵에돔·참돔·볼락·망상어·도다리·보리멸 등에 두루 사용되며, 특히 겨울 벵에돔낚시 때 비장의 미끼로 사용하는 이들이 많다.  ▶청갯지렁이 - 청개비 또는 청갯지렁이로 불리는 ‘두토막눈썹참갯지렁이’이는 비교적 값도 싼 편이며 대중적으로 널리 사용되는 갯지렁이 종류다. 7~8cm에서부터 15~18cm에 이르기까지 다양한 크기가 미끼로 사용되는데, 그 크기에 따라 대상어종이 선택된다. 볼락·보리멸·가자미·우럭·보구치·노래미·농어·숭어·망둥이낚시에 즐겨 사용되며, 감성돔·참돔·벵에돔낚시에도 유효하다. 이들 대상어종의 씨알에 따라 한 마리 꿰기 또는 여러 마리 꿰기를 한다.이 밖에 청갯지렁이 종류 가운데는 ‘강화산 청갯지렁이’라 불리는 대형 종이 있다. 큰 놈은 그 길이가 2~2.5m에 달하는 경우도 있는데, 강 하구의 갯벌에 서식하는 이 종류는 특히 강화도산이 유명해 낚시인들 사이에 흔히 ‘강화도 갯지렁이’라 불린다. 입에 한 쌍의 흰색 이빨이 있어 ‘흰이빨참갯지렁이’로 명명된 이 종류는 숭어낚시의 특효 미끼로 꼽힌다.   TIP 갯지렁이 미끼를 꿸 때   대부분 갯지렁이 종류는 머리 부분이 딱딱하다. 키틴질의 단단한 이빨이나 턱을 가지고 있어 낚싯바늘이 마음먹은 대로 잘 꽂히질 않는다. 딱딱한 머리 부분을 잘라내고 바늘에 꿰는 경우도 있지만 원거리 던질낚시를 하거나 깊은 수심층에서 배낚시를 할 때는 딱딱한 머리 부분을 잘 이용하는 것이 좋다.머리 부분을 살살 주물러 주면 부드러워지는 느낌이 전해지는데, 이때 주중이 부분에 낚싯바늘 끝을 꽂아 관통 꿰기를 하면 웬만한 충격에도 미끼가 떨어져 나가지 않는다.   TIP 갯지렁이 싱싱 보관법   갯지렁이는 외부 환경변화에 민감하고 일부 종류는 서로 물어뜯어 죽이기도 한다. 공간이 좁을수록 서로 잘 물어뜯는다. 손가락으로 집어보아 축 늘어지거나 몸에서 진물이 흐를 경우, 또는 바닥에 피가 고여 검게 썩어 있거나 악취가 나면 생명력이 다 된 것이다. 한 마리가 죽어 부패하면 급속히 전파된다.가급적 소량씩 나누어 사용해야 하며, 선도 유지를 위해 아이스박스에 보관할 때는 얼음의 냉기가 직접 닿지 않도록 유의해야 한다. 보관 또는 사용 도중 민물이 닿게 해서도 안 된다.        ■갑각류 및 패류 - 현장 채취 가능한 대용 미끼   새우나 게와 같은 갑각류(甲殼類), 그밖에 조개나 소라 등 패류(貝類)도 바다낚시의 좋은 미끼가 된다. 새우는 갯지렁이와 함께 바다낚시용 미끼로서 오래 전부터 자주 사용돼 왔고, 아직도 해안 도시의 낚시점에서는 상품으로 판매하기도 한다. 새우 종류 중에서도 보리새우와 중하 등 바다새우는 감성돔과 참돔·농어 미끼로 사용되는가 하면, 파래새우는 벵에돔 미끼로 각광 받는데, 잡어가 많은 방파제에서 벵에돔을 노릴 때 특히 위력을 발휘한다. 바다낚시라고 해서 바다새우만 미끼로 사용되는 것은 아니다. 줄새우와 생이 등 민물새우는 볼락·열기낚시용 미끼로 애용된다.권패류(卷貝類) 가운데 소라와 오분자기는 낚시인이 채취하기가 어렵고 값도 비싼 편이지만 아직도 돌돔낚시 마니아들 중에는 공들여 챙기는 이들이 많다. 이 밖에 따개비와 담치·바지락 종류는 낚시터 현장에서 채취하기가 쉬워 대체 미끼로 활용해 볼만하다. 가자미·노래미·용치놀래기가 좋아하는 바지락은 쥐치낚시 특효 미끼로도 손꼽힌다.이들 소라와 조개 종류를 미끼로 사용할 때는 껍질(패각)을 까거나 부수어 알맹이만 따로 떼어내 사용하고, 여분이 생기거나 작은 개체들은 그냥 버리지 말고 껍질째 잘게 부수어 밑밥으로 사용하면 의외의 효과를 볼 수도 있다.   ■기타 동물성 미끼와 식물성 미끼   육식성 어류의 먹잇감은 모두 미끼로 활용된다고 해도 과언이 아니다. 오징어를 통째로 꿰어 방어·참돔·다금바리를 노리는가 하면, 오징어의 내장은 또 겨울 감성돔낚시에 활용되는 고전적인 미끼이기도 하다. 물론 처넣기낚시를 할 때 사용되는데, 참돔 처넣기낚시를 할 때도 낙지나 문어 다리를 사용하기도 한다. 같은 종류의 연체동물로 꼴뚜기는 우럭낚시에 더없이 좋은 미끼이다.극피동물 가운데 성게는 돌돔낚시의 고전적인 미끼이자 현대적 첨단 미끼이기도 하다. 여러 종류 가운데 보라성게와 말똥성게가 가장 흔한데, 한때는 말똥성게가 돌돔 미끼의 주류를 이루었으나 근년에는 보라성게의 효능을 훨씬 더 손꼽는 추세다. 말똥성게는 보라성게에 비해 가시가 짧고, 이름 그대로 생김새가 둥글고 말똥처럼 생겼다.  이 밖에 미꾸라지로 우럭과 대구를 낚고, 살아있는 전갱이나 자리돔으로는 방어를 낚는다. 멸치와 사백어도 좋은 미끼이다. 백만인의 건강식품인 번데기로 감성돔을 낚기도 한다. 바닷고기 가운데 식물성 먹이를 좋아하는 종류도 있다. 갯바위낚시 도중 간조 때에 채취할 수 있는 파래와 돌김, 쇠미역 등이 심심풀이 대체 미끼로 사용되기도 한다. 자연수계에 서식하는 해조류뿐만 아니다. 감성돔·벵에돔낚시에 보리밥알·옥수수·식빵·수박이 사용되기도 하는데, 그렇다고 이들 식물성 먹이가 동물성 먹이를 대체할 수 없다. 벵에돔은 실제 초식성으로 알려져 있지만 크릴로 잘 낚인다. 말하자면 물고기의 먹잇감이라고 해서 모두가 미끼가 되는 것은 아니라는 뜻이다.     밑밥! ∥ 뿌린 대로 거두려면? 밑밥이란 바늘에 꿴 미끼에 입질을 할 확률을 높일 목적으로 미끼가 있는 주변으로 물고기를 불러 모으거나 붙들어 두기 위해 사용하는 ‘덤으로 흩뿌리는 미끼’를 말한다. 바다낚시 장르 중에서도 특히 갯바위낚시에서는 이 밑밥이 조과를 좌우할 때가 많다.효과적인 밑밥은 미끼와 같은 종류일 수도 있고 다른 종류일 수도 있다. 기왕이면 낚싯바늘에 다는 미끼와 같은 종류일수록 좋겠지만 소모량이 많다는 점에서 경제성을 고려하지 않을 수 없다. 그리고 손쉽게 구입하고 손쉽게 사용할 수 있어야 하는 점도 고려돼야 한다. 일반적으로 크릴을 사용하거나 크릴에 분말 밑밥(밑밥용 배합 집어제)을 적당량 섞어 만든다. 밑밥으로 크릴만을 사용하지 않고 집어제를 섞는 목적은 다음과 같다.    ▶조작성, 원투성 향상 - 밑밥을 투척할 때 목적하는 지점에 원하는 양의 밑밥을 던져 넣기가 쉬워진다.   ▶시인성 확보 - 찌 흘림낚시에서 흘러가는 밑밥 띠를 확인할 수 있으므로 미끼를 동조시키기가 수월해진다.   ▶확산성 향상 - 수중에서 퍼져나가기 쉬운 밑밥은 멀리 있는 물고기를 빨리 불러들이는 역할을 한다.   ▶집어력 향상 - 크릴만으로도 집어력은 좋지만 대상어의 반응이 낮은 경우, 집어제에 함유된 각종 성분이 집어 효과를 더 높여 준다.   ▶증량(增量) - 집어제는 크릴보다 가격이 싸고 바닷물을 섞으면 양이 늘어 밑밥 전체의 양을 늘려주므로 경제적인 측면이 고려된다.   ■미끼와 밑밥의 동조(同調) 방법   바늘에 꿴 미끼와 뿌려준 밑밥은 가급적 같은 지점, 같은 수심층에 머물도록 하는 것이 중요하다. 포인트가 가깝고 수심이 얕은 곳은 간단하지만 포인트 거리가 멀거나 수심이 깊은 경우는 생각처럼 쉬운 일이 아니다. 바다의 조류는 속도와 방향이 복잡하고 또 바람도 불기 때문에 미끼와 밑밥을 아무리 같은 장소에 정확히 투입한다 하더라도 서로 어긋나기 일쑤이다. 밑밥으로 물고기를 애써 끌어 모았는데도 미끼가 엉뚱한 곳에 흘러가 버리면 헛수고가 되고 마는 것이다. 심한 경우에는 원하는 대상어를 쫓는 결과를 초래할 수도 있다.미끼가 흘러가는 정도와 밑밥이 가라앉는 정도를 파악하여 잘 동조시키는 것이야말로 밑밥 사용의 핵심이다. 간단한 방법은 먼저 동일 지점에 밑밥과 채비를 투입한 후, 원하는 수심층에 다다를 때까지 서로가 어느 정도 차이가 생기는지를 살핀다. 파악이 되었다면 채비를 다시 투입하되 차이나는 만큼을 역산하여 그 위치에 투입하면 된다.  




글/사진 
									
										
										
											예조원
										
									
								
낚시채널 FTV에서 방송 프로그램을 진행하고, 낚시잡지에 글을 연재하며, 틈나는 데로 집에서 어탁작품을 하는 등 낚시와 더불어 살고 있는 낚시 선비로서 대학, 낚시단체의 강의를 하고, 낚시활동은 전국을 무대로 합니다.

									본 콘텐츠의 저작권은 저자 또는 제공처에 있음을 알려드립니다.
									또한 무단으로 콘텐츠를 이용하는 경우 저작권법 등에 따라 법적 책임을 질 수 있으니 유의하시기 바랍니다.
								



추천 추천


























이전글 이전글
다음글 다음글


목록









[바다]  에필로그1. 기본 장비 및 소품




[바다]  에필로그4. 바다낚시의 예절과 안전대책




[바다]  에필로그3. 미끼와 밑밥에 관한 상식




[바다]  에필로그2. 해류와 조류(물때)에 관한 상식




[바다]  제10장 어종 별 입질 형태와 끌어내기, 바람과 낚시"
[바다]  에필로그4. 바다낚시의 예절과 안전대책,"[바다]  에필로그4. 바다낚시의 예절과 안전대책

							
								
								
									예조원
								
							



조회수조회수 919
좋아요 수좋아요 수 0




 








   낚시를 즐기는 일은 나름대로의 목적과 방법이 있게 마련이지만 누구나 간과해서는 안 될 것이 있다. 취미생활을 너무 무리하게 즐기다 보면 오히려 화(禍)를 불러일으켜 건강과 재물을 잃기 쉽다. 또한 자연과 타인을 생각하지 않고 오늘만 또는 나만 즐기고 보자는 식의 낚시는 머잖아 스스로에게 그 화가 닥칠 수도 있다. 낚시는 자연이 베푸는 혜택을 고루 나누어 누려야 하는 것인 만큼 자연에 대한 최소한의 보답과 책임, 타인에 대한 배려와 예절이 따라야 하는 것이다.  낚시 중에서도 바다낚시가 특히 그러하다. 크고 작은 위험요소가 따르는 출발과 철수에 이르기까지 항상 안전사고에 주의해야 하며, 스스로의 안전은 물론 너와 나 모두의 안전을 위해 서로 배려하는 마음 자세와 행동 요령이 필요하다. 보다 나은 조과를 누리기 위해서도 마찬가지다. 독단적이고도 배타적인 행동보다는 서로를 배려하는 낚시야말로 보다 좋은 조과를 얻을 수 있을 뿐만 아니라 그 즐거움도 배가되는 것이다.바다낚시 대상어 또한 자원보호를 위해 일체의 유어행위가 금지되는 기간(채포금지 기간)이 있고, 어종에 따라선 기준에 미달되는 크기는 되살려 주어야 하는 법령(채포금지 체장)도 있음을 기억해 두어야 한다바다낚시의 예절과 법규■낚시 후 반드시 처리해야 할 일들   낚시터에는 쓰레기가 될 만한 것들을 미리부터 지참하지 않거나 가능한 한 줄여 가는 것이 좋다. 그렇지만 아무리 조심하고 줄여도 쓰레기는 발생하고, 또 타인이 버리거나 이리저리 떠밀려 다니다 처박힌 쓰레기들을 만나게 된다. 따라서 낚시를 갈 때는 쓰레기봉투를 지참하는 것이 좋다.인가가 드문 낚시터, 특히 원도 갯바위 지역의 쓰레기는 관할 지자체나 주민들의 손길이 미치기 어렵다. 낚시인이 사용자의 마음가짐으로 수거하는 것이 더 보람되고 효율적이다. 그런데 비닐봉지에 담아 그냥 방치해서는 안 된다. 함부로 소각해서도 안 된다. 반드시 수거해 와야 한다.그러나 주워 담을 수 없는 쓰레기가 있다. 방파제나 갯바위에서 밑밥을 사용할 경우 아무리 조심해도 밑밥 부스러기가 떨어져 지저분해 진다. 그대로 방치해 두면 악취가 날 뿐만 아니라 또 다른 오염원이 되고, 다음에 방문하는 낚시인들에게 불쾌감을 안긴다. 심지어 낚시인들이 무인도 갯바위의 오염원으로 지목되어 세인의 지탄을 받게 되기도 한다. 밑밥을 사용하였다면 철수하기 전에 꼭 바닷물을 길어 주변을 깨끗이 씻고 오는 일을 잊지 말아야 한다.   ■서로 나누고 지켜야 할 일들   방파제에서와 같이 많은 사람들이 동시에 낚시를 하는 경우가 많다. 자신보다 먼저 도착해 낚시를 하고 있는 사람이 있다면 인사말 한 마디를 건네자. 배낚시의 경우에도 옆자리 낚시인과의 인사는 필수다. 혼잡한 낚시터에서 채비가 서로 엉키는 일은 다반사이므로 서로간의 커뮤니케이션이 필요할 것이다. 그 외에도 낚시를 하고 있는 사람들 사이로 비집고 드는 일은 피해야 하며 다른 낚시인을 위한 양보도 필요할 것이다.낚시인 스스로가 그때그때 지키고 오래오래 기억해 두어야 할 사항도 있다. 방파제나 갯바위에는 지역에 따라 출입 금지 구역이 설정되어 있기도 하고 출입 시간이 통제되는 곳도 있다. 또 법률로 정한 채포금지 어종이 있으며 특정 어종에 대한 금어기간과 채포금지 체장이 정해져 있는 경우도 있다.민물의 쏘가리나 은어, 모천회귀를 하는 연어는 자원보호를 위해 채포금지 크기와 기간이 정해져 있다는 것은 일반에게도 널리 알려진 사실이다. 마찬가지로 바다에 서식하는 물고기들에게도 채포금지 기간이 있는가 하면, 잡히더라도 다시 놓아 주어야하는 크기가 법으로 정해져 있다. 바닷물고기에 대해서는 의외로 잘 알려져 있지 않은 사항도 많으므로 본의 아니게 범법자가 되지 않도록 내용을 숙지할 필요가 있다.     바다낚시의 안전 대책  ■갯바위 안전 수칙 - 승하선 요령   바다는 항상 파도로 출렁댄다. 파도가 심한 경우가 아니라도 흔들리는 배에서 갯바위로 내릴 때는 무조건 조심해야 한다. 아차의 실수로 큰 부상을 입는 등 안전사고가 일어나기 쉽기 때문에 항상 배에 오르고 내리는 경우에는 정신을 집중하여 주의를 기울여야 한다.위아래로 움직이는 낚싯배 위에서 갯바위로 발을 내딛는 경우에는 배의 움직임과 자신이 발이 리듬을 타야 한다. 단계별로 설명하자면, ①먼저 배가 오르내리는 정도와 갯바위에 발을 디딜 지점을 확인해야 한다. ②갯바위 착지 지점을 향해 낚싯배 위에서 뛰어내리는 시점은 낚싯배가 파도를 타고 솟구쳐 오를 때이다. 낚싯배의 이물(船頭)이 파도를 타고 솟아오를 때는 그 탄력으로 쉽게 건너뛰거나 뛰어내릴 수 있지만, 낚싯배의 이물이 파도에 의해 솟아올랐다가 그 정점을 지나 가라앉는 시점일 때는 절대로 몸을 솟구쳐선 안 된다. 낚싯배의 이물이 아래로 꺼져 내리는 상황은 곧 자신의 발판이 무너져 내리는 상황이므로 십중팔구 몸이 앞으로 꼬꾸라져 사고로 연결되기 쉽다. 따라서 낚싯배가 솟아오르는 타이밍을 포착하지 못하고 꺼져 내리는 상황일 때는 서두르지 말고 다시 솟아오를 때까지 기다렸다가 몸을 날려야 한다.이런 방법으로 먼저 경험 많은 한두 명이 갯바위에 안전하게 오른 다음에 낚시도구나 짐을 릴레이 식으로 건네받는 것이 순서이다. 다음에 남아 있는 사람들이 차례로 갯바위에 내린다. 특히 배에서 갯바위로 뛰어내릴 때는 해조류 등으로 인한 미끄럼 유무도 잘 파악해야 하며, 철수 시 갯바위에서 낚싯배에 오를 때에도 파도에 의해 오르내리는 낚싯배의 착지 거리도 잘 살펴야 한다.  ■뱃멀미 대책 - 공복도 원인   배낚시를 즐기지 못하는 원인 중의 으뜸이 바로 뱃멀미다. 체질에 따라 멀미를 전혀 하지 않는 사람도 있지만 익숙하지 않은 흔들림에 약해 멀미가 심한 사람도 많다. 한 배에 탄 일행 중 어느 한 사람이 심하게 뱃멀미를 하게 되면 인근 섬 적당한 곳에 당사자를 내려 주거나 심한 경우 회항(回航)할 경우도 생긴다.멀미는 일단 시작되면 대처할 수 있는 방법이 없기 때문에 예방이 무엇보다도 중요하다. 전날 과음을 하였거나 수면이 부족하다면 십중팔구 멀미를 일으킨다. 그러므로 전날 과음·과식을 피해야 하고 잠을 잘 자두는 것이 멀미 예방을 위해 중요한 일이다. 또한 공복으로 배에 오르는 것도 피해야 한다. 위장이 비어 있는 경우에 멀미가 더욱 심하므로 승선하기 1시간 전쯤 어느 정도 음식을 섭취하도록 한다. 또한 승선 도중 비스킷과 같은 간식을 아주 조금씩 계속해서 먹는 것이 멀미 예방에 효과가 있다. 다만 기름진 것이나 단맛이 강한 것은 역효과가 나므로 주의해야 한다.가장 효과적인 예방 방법은 배를 타기 전에 멀미약을 복용하는 일이다. 패치 형태로 붙이는 것과 알약이나 물약 형태도 있다. 복용법을 지킨다면 효과를 볼 수 있지만, 역시 체질에 따라 그 효과는 차이가 크다. 멀미약도 성분이 다른 몇 가지가 있으므로 제약회사별로 나와 있는 멀미약 중에서 자신에게 잘 맞아 약효가 좋은 것을 골라 사용할 필요가 있다. 일단 멀미가 시작된 경우에는 멀미약을 복용해도 효과가 없으니 멀미를 느꼈다면 더 심해지지 않도록 머리를 뱃전 쪽으로 향하고 누워 있도록 한다.   




글/사진 
									
										
										
											예조원
										
									
								
낚시채널 FTV에서 방송 프로그램을 진행하고, 낚시잡지에 글을 연재하며, 틈나는 데로 집에서 어탁작품을 하는 등 낚시와 더불어 살고 있는 낚시 선비로서 대학, 낚시단체의 강의를 하고, 낚시활동은 전국을 무대로 합니다.

									본 콘텐츠의 저작권은 저자 또는 제공처에 있음을 알려드립니다.
									또한 무단으로 콘텐츠를 이용하는 경우 저작권법 등에 따라 법적 책임을 질 수 있으니 유의하시기 바랍니다.
								



추천 추천


























이전글 이전글
다음글 다음글


목록









[바다]  에필로그1. 기본 장비 및 소품




[바다]  에필로그4. 바다낚시의 예절과 안전대책




[바다]  에필로그3. 미끼와 밑밥에 관한 상식




[바다]  에필로그2. 해류와 조류(물때)에 관한 상식




[바다]  제10장 어종 별 입질 형태와 끌어내기, 바람과 낚시"
[바다]  에필로그1. 기본 장비 및 소품,"[바다]  에필로그1. 기본 장비 및 소품

							
								
								
									예조원
								
							



조회수조회수 2134
좋아요 수좋아요 수 8




 








 바다낚시에 필요한 도구는 무엇이 있는가? 어디에서 얼마만큼 마련하면 될까? 이제 막 바다낚시에 입문하려는 초보자에게 있어서 그 선택은 의외로 까다로운 문제가 될 수도 있다.대상어종에 따라 세세한 부분이 조금씩 다른 다양한 종류가 있지만 기본적인 장비는 공통적이다. 바다낚시에 필요한 기본 장비의 구성을 제대로 알고 각각의 특성을 잘 이해하는 것이 올바른 장비를 갖추는 지름길이며, 올바른 장비를 갖추는 것은 바다낚시를 보다 편하고 쉽게 만드는 첫걸음이다. 첫 단추를 잘 꿰어야 하는 것이다.  낚싯대(Rod) ∥ 가장 복잡다양한 기초 장비 예부터 어부들의 ‘얼레를 사용한 외줄낚시’ 경우처럼 낚싯대를 사용하지 않는 바다낚시도 있다. 하지만 오늘날 취미의 낚시에 있어서는 낚싯대를 사용하는 경우가 대부분이다. 낚싯대를 사용함으로써 즉시적소의 장소와 여건에 대응할 수 있고, 깊은 수심에 머물고 있는 물고기를 보다 쉽게 낚아낼 수 있는 것이다. 또한 재미가 배가되어 어업이 아닌 취미에도 어울린다.바다낚시용 낚싯대는 낚시 장르의 발전에 따라 계속 새로운 형태로 개발되고 있다. 그러나 기본적인 분류는 민낚싯대와 릴낚싯대 두 가지 형태로 구분되며, 낚시 장소 및 방법 그리고 대상어종에 따라 더욱 세분화된다. ■ 민낚싯대(바다장대) - 크게 3가지 종류 여분의 낚싯줄을 감아둘 수 있는 별도의 장치가 마련돼 있지 않은 ‘민짜’ 형태의 낚싯대를 말한다. 즉, 릴(reel) 부착 시트가 없고 가이드도 부착돼 있지 않은 낚싯대로, 흔히 ‘장대’로 불린다. 일자로 된 대나무 낚싯대가 그 원조인데, 오늘날에는 안테나 식으로 뽑아내거나 여러 토막을 꽂는 식으로 되어 있다. 결국 릴낚싯대를 포함한 모든 낚싯대는 뽑기식과 꽂기식으로 나뉘는데, 바다용 민낚싯대는 뽑기식이 주류를 이룬다.갯바위나 방파제에서 볼락·망상어·감성돔 등을 근거리에서 속전속결로 낚아내기 위해 사용되며, 휨새와 강도에 따라 몇 가지 용도로 나뉜다. ▶ 볼락·망상어낚시용 - 마치 민물에서 사용되는 붕어 낚싯대를 연상시키는 것이다. 초리는 붕어 낚싯대처럼 유연하지만 허리힘이 강하고 전체적으로 빳빳한 특성을 가지고 있다. 바다낚시용에서는 가장 경량급 민낚싯대로서 방파제나 갯바위에서 볼락·망상어·학공치와 같은 소형급 어종을 낚는 데 사용한다. 길이는 보통 5~8m로 일본 제품은 볼락낚시 전용도 있다.    ▶ 감성돔낚시용 - 일반적으로 ‘바다장대’로 불리는 민낚싯대로 토막이 긴 장절 구조에 바닷물고기의 강한 저항에도 견딜 수 있도록 강한 허리힘이 갖추어져 있다. 길이가 4.5m에서 10m에 이르기까지 다양하게 나뉘어 있고, 주로 감성돔낚시에 있어서 낚시터의 환경과 상황에 따라 사용되도록 설계되어 있다. 속전속결, 또한 스릴 넘치는 손맛을 원하는 낚시인들이 찾는 경향이 높다.   ▶ 돌돔낚시용 - 바다장대 중에서 가장 강한 힘을 가지고 있는 중량급 낚싯대로, 여름철 절벽 포인트에서 돌돔을 낚기 위해 사용한다. 우리나라에서만 사용되는 독특한 낚싯대로, 고가의 돌돔 전용 릴과 돌돔 전용 릴낚싯대를 갖추지 않고도 돌돔을 낚는다는 점에서 묘미와 경제성이 가장 큰 장점이다. 초리부터 허리까지 빳빳한 특징이 있다. 길이는 9~12m까지 있지만 주로 10~11m를 사용한다.  ■ 릴낚싯대 - 용도와 기능 다종다양 릴을 부착해 사용할 수 있는 낚싯대를 통틀어 릴낚싯대라고 부르며 그 용도와 기능이 매우 다종다양한 편이다. 따라서 릴낚싯대는 낚시를 하는 장소와 구사하는 기법에 따라 다양한 종류로 세분화된다. 그러나 공통적인 것은 손잡이 부분에 릴을 부착하기 위한 부품(릴 시트)이 만들어져 있고, 릴에 감긴 낚싯줄이 들락날락 통과하는 링(가이드)이 낚싯대 몸통에 줄지어 부착되어 있다는 점이다. 민낚싯대와는 달리 먼 거리 포인트와 깊은 수심을 두루 겨냥할 수 있다는 점이 특징이다. ▶ 다용도 릴낚싯대 - 어디에서건 다목적으로 간편하게 사용할 수 있는 릴대를 말한다. 방파제나 선상 던질낚시용으로 두루 사용되는 릴낚싯대로, 용도가 딱히 규정돼 있다기보다는 그냥 간편하게 다용도로 사용한다는 점에서 편의상 부르는 이름이다. 굳이 표현하자면 중거리용 던질 낚싯대라고 분류할 수 있다. 뽑기식으로 2.1~3.6m의 길이가 주종이며, 용도가 분명한 다른 종류의 릴대에 비해 가격도 저렴한 편이다.   ▶ 외줄 낚싯대 - 난바다 또는 연근해 배낚시에 사용하는 낚싯대이다. 대상어가 우럭이나 볼락·열기와 같이 채비를 멀리 던지지 않고 수직으로 풀어 내리는 형식의 외줄낚시에 사용한다 하여 외줄 낚싯대라고 부른다. 대상어의 크기와 수심에 따라 그에 대응하는 강도를 추부하량으로 나타낸다. 심해 침선 낚시에서는 추부하량이 80~150호로 강한 것을 사용하고, 열기낚시에는 30호 정도를 사용한다. 길이는 주로 2.1~2.7m가 많다. 열기낚시와 같이 가지바늘 채비가 긴 경우에는 보다 긴 대를 사용하는 편이 편리하다. 우럭낚시용과 열기·볼락낚시용으로 구분되지만 우럭과 열기·볼락을 겸하는 콤비 제품도 있다. 꽂기식으로 된 두 토막 가운데 끝대를 두 가지로 만들어 용도에 맞게 교체 사용할 수 있도록 만든 제품이다. ▶ 갯바위 낚싯대 - 일반적으로 ‘갯바위 찌낚시 릴대’로 불리는 제품들이다. 찌 흘림낚시로 감성돔·벵에돔·참돔과 같은 돔 종류와 농어·부시리를 노리는 등 용도별 제품들이 다양하다. 낚싯대의 강도를 호수를 매겨 구분하는데, 감성돔은 0~1호 정도의 가장 섬세한 낚싯대를 주로 사용하고 벵에돔은 조금 강한 1~2.5호를 사용한다. 3~5호는 부시리와 같은 대형급 용도인데 찌낚시뿐만 아니라 던질(처넣기)낚시에도 사용한다. 길이는 4.5~6.3m로 몇 단계로 나뉜다.    ▶ 돌돔 낚싯대 - 강력한 돌돔의 입질과 끌힘에 견디도록 만들어진 전용 릴낚싯대이다. 갯바위 낚싯대 중에서 가장 강한 5호와 비슷하지만, 릴 시트의 위치가 뒤쪽으로 많이 치우쳐 있는 것으로 구분할 수 있다. 이는 돌돔 전용 양축 릴의 사용을 전제로 만들어지고 있기 때문이다. 뽑기식도 있지만 본격 돌돔 전용 제품은 꽂기식으로 된 경우가 많다.   ▶ 백사장 원투 낚싯대 - 더 멀리 저 수평선까지, 채비를 보다 멀리 던질 수 있도록 만들어진 낚싯대이다. 서프 캐스팅 낚싯대라고도 부른다. 주로 백사장에서 사용하는데, 주요 대상어종은 보리멸이다. 우리나라에서는 보리멸낚시가 폭넓게 성행하지 않아 사용하는 경우가 많지 않지만, 이웃 일본에서는 인기가 매우 높은 낚시 장르이다. 낚시 용도뿐만 아니라 원투 비거리 경기용으로 사용되는 제품도 있을 정도이다. 토막 수가 적고 가이드 개수도 적으며, 릴 시트의 위치도 원투하기에 좋은 위치에 부착되어 있다.   ▶ 루어 낚싯대 - 루어낚시가 바다로 확장되면서 바다 전용 루어 낚싯대가 등장하였다. 연안의 우럭·쥐노래미와 같은 소형 어종을 겨냥하는 제품에서부터 농어용, 갯바위 캐스팅용, 지깅용, 오징어낚시(에깅)용, 볼락용 등 다양한 형태로 개발되고 있다. 대상어종에 따라, 구사하는 기법에 따라 길이와 구조, 성능이 아주 다양하게 채용된다    ■ 낚싯대의 휨새와 강도 낚싯대의 휨새란 낚싯대가 휘어지는 모양새 즉, 낚싯대에 부하가 걸렸을 때 구부러지는 기점의 위치를 나타내는 것이다. 이에 비해 낚싯대의 강도(强度)란 낚싯대에 매달 수 있는 부하량(負荷量)이나 물고기를 끌어올리는 힘을 나타내는 말이다. 이와 같이 엄밀히 구분하면 서로 다른 의미이지만 편의상 같은 개념으로 혼용하는 경향도 있다. 우리나라의 경우 서구식 표현법과 일본식 표현법이 혼합되고 있기 때문이다. 표기 방법의 차이뿐만이 아니라 민낚싯대와 릴낚싯대의 경우도 그 기준이 다른 데다가 메이커마다 차이를 보인다.그래서 낚시에 경험이 많은 사람은 직접 낚싯대를 흔들어보거나 휘어보고는 ‘단단한 정도’를 감으로 느끼는 경우도 많다. 그러나 뻣뻣한 낚싯대가 꼭 강한 낚싯대인 것만은 아니다. 유연하지만 무거운 봉돌을 달 수 있는 낚싯대가 있는가 하면, 빳빳해도 무거운 봉돌을 달면 견디지 못하고 부러져버리는 낚싯대도 있다.     ▶ 휨새의 표기 방법 - 낚싯대 전체 길이를 십등분한 후, 휘어보았을 때 휘어짐의 기점이 어디쯤에 있는가를 보고 ‘휨새’를 명명한다. 표기 사례는 <표>와 같은데, 민낚싯대나 갯바위 낚싯대는 일본식의 표현 방식도 사용된다. 루어 낚싯대의 경우는 F(fast), S(slow) 등과 같은 테이퍼나 액션이라는 표현을 사용하기도 하는데, 휨새는 엄격하게 정해진 기준이 없으므로 경계가 모호한 것이 사실이다. 게다가 기본적 휨새 구분과는 별도로 브랜드별로 독특한 표현을 덧붙여 더욱 세분화하기도 한다.   ▶ 강도의 표기 방법 - 낚싯대의 강도(强度)는 얼핏 얼마나 커다란 물고기를 낚아 올릴 수 있는가에 대한 표현이라 생각할 수도 있다. 그러나 연약한 낚싯대로도 얼마든지 대어를 낚을 수 있으므로 올바른 표현은 아니다. 결국 낚싯대의 강도란 그 낚싯대의 탄성 범위 내에서 얼마나 무거운 무게(負荷量)를 매달 수 있는가가 정확한 표현이다.  일반적으로 낚싯대의 강한 정도는 빳빳한 정도와 얼마간 비례하므로 이를 기준으로 연질(軟質), 경질(硬質) 등으로 표시하기도 한다. <표>에 나타낸 바와 같이 낚싯대의 강도 표시 또한 서구식 표현과 일본식 표현이 뒤섞여 사용되고 있다. 또한 갯바위 낚싯대의 경우는 1호, 2호 등으로 구분해 사용 가능한 목줄의 호수 표시를 하고, 외줄 낚싯대의 경우는 50호, 100호 등과 같이 매달 수 있는 봉돌의 무게를 호수로 표시한다. 그리고 루어 낚싯대는 UL, MH와 같은 표기법을 사용하거나 또는 사용할 수 있는 루어의 중량이나 부착한 릴의 드랙 수치를 통해 낚싯대가 견딜 수 있는 중량을 표기하기도 한다.  TIP 인터라인 낚싯대 릴낚싯대에 줄지어 달려 있는 가이드(guide)는 이름 그대로 낚싯줄을 안내하는 역할을 한다. 릴낚싯대에 있어서 가이드는 필수적인 요소이다. 그런데 이 가이드에 종종 낚싯줄이 걸리는 폐단이 생긴다. 낚시 도중 늘어진 낚싯줄이 바람의 영향을 받거나 돌발적으로 가이드의 프레임에 감기는 현상이 발생하는 것이다. 이를 근본적으로 없애고자 나타난 낚싯대가 바로 인터라인(inter-line) 낚싯대이다.낚싯줄이 낚싯대의 몸통으로 들어가 초리 끝으로 빠져나오는 구조를 하고 있다. 낚싯대가 지닌 성능(힘)이 손실 없이 다 실린다는 장점도 있다. 그러나 원투하기가 힘들고 낚싯대 내부의 청소도 힘이 드는 등 단점도 있다. 가이드가 달린 낚싯대가 좋으냐, 인터라인 낚싯대가 좋으냐는 서로 일장일단이 있어서 우열을 가늠할 수 없다. 갯바위낚시용, 외줄낚시용 등에 인터라인 낚싯대가 등장해 있다. INFO 꽂기식과 뽑기식전체 길이가 긴 낚싯대는 여러 토막으로 이뤄져 있고, 이를 잇는 방식은 두 가지 형태로 나뉜다. 안테나를 뽑아내고 집어넣는 형식으로 된 제품을 ‘뽑기식(안테나식, telescopic)’이라 하고, 서로 분리된 토막을 꽂아 끼우는 방식을 ‘꽂기식’이라 부른다. 이 두 가지 방식은 각각 낚싯대의 휨새와 강도는 물론 무게에 영향을 크게 미친다. 낚시 방법과 목적에 따라 적합한 형태가 채용되는데, 만능 릴낚싯대와 갯바위 낚싯대는 주로 뽑기식, 돌돔 낚싯대와 외줄 낚싯대, 루어 낚싯대 등은 주로 꽂기식으로 만들어지고 있다.    릴(Reel) ∥ 모양과 기능에 따라 크게 두 종류 멀리 떨어져 있는 물고기를 낚기 위해 고안된 도구이다. 낚싯대의 길이만으로는 닿지 않은 지점까지 미끼를 보내기 위해 낚싯줄을 감아두었다가 풀거나, 다시 회수해 감아둘 수 있도록 만들어진 기계이다. 어부들이 사용하는 얼레와 같이 낚싯줄을 감아두기만 하는 단순한 기능을 갖는 것에서부터 대형 물고기를 쉽게 낚아 올리기 위해 첨단 기능이 내장된 것, 전기 동력을 사용하는 것까지 실로 다양한 형태지만 기본적으로는 두 가지로 구분된다.      ■ 스피닝 릴(spinning reel) - 스풀이 고정된 형태   바다낚시 전반에 걸쳐 사용하는 대표적인 릴로서, 주로 채비를 멀리 던진다는 목적에 적합하도록 만들어진 것이다. 용도에 따라 몇 가지로 구분하지만 기본 구조는 동일하다. 핸들의 회전에 따라 스풀이 직접 돌면서 낚싯줄이 감기는 양축 릴과는 달리, 스피닝 릴은 로터(rotor)가 돌면서 고정된 스풀에 낚싯줄이 감기는 구조이다. 오른손잡이와 왼손잡이 모두가 편리하게 사용할 수 있도록 핸들을 좌우로 바꿔 부착시킬 수 있다. 낚싯대의 아래쪽에 장치한다.   ▶ 일반 스피닝 릴 - 흔히 볼 수 있는 기본적인 형태의 스피닝 릴이다. 채비를 던지거나 풀어 내리는 낚시라면 언제든지 사용할 수 있으므로 대상어종을 가리지 않는다. 크기도 200g의 소형에서부터 900g이 넘는 대형까지 다양하여 낚시 형태에 맞춰 선택하면 된다. 드랙의 위치에 따라 두 종류로 구분되는데, 드랙이 릴 몸체 앞쪽에 위치한 것을 프론트 드랙(front drag) 릴이라 부르고 릴 몸체 뒤쪽에 위치한 것을 리어 드랙(rear drag) 릴이라 부른다. 프론트 드랙 릴이 대세이다. ​ ▶ 레버 브레이크(LB) 릴 - 갯바위 찌낚시에 많이 사용되는 릴이다. 일반 스피닝 릴과 외관상으로 매우 비슷하지만 릴 몸체와 다리 사이로 비죽이 튀어나온 레버가 하나 달려있는 것이 다른 점이다. 일반 스피닝 릴에 붙어 있는 드랙 장치 대신에 레버가 붙어 있는 것으로, 이 레버로 로터의 회전에 마찰을 주어 제동을 거는 구조이다. 레버 브레이크(lever brake)를 줄여 LB 릴이라고 부르기도 한다. 갯바위나 방파제에서 주로 벵에돔·감성돔 등의 릴 찌낚시에 사용한다. ​ ▶ 원투(경기)용 - 일반 대형 스피닝 릴과 유사하지만 몸통에 비해 스풀이 커다란 특징이 있다. 백사장에서 채비를 보다 멀리 던지기 위해 만들어진 것으로, 캐스팅 시에 낚싯줄이 거침없이 잘 풀려나갈 수 있도록 스풀의 지름이 점차 축소되는 특이한 구조를 띤다. 드랙 기능이 최소화 되거나 아예 없는 것도 있는 등, 일본에서는 낚시 목적 이외에 백사장 원투 경기용으로 제작되기도 한다. 주요 대상어는 보리멸·가자미·황어 등으로 백사장 원투 대와 세트로 사용하는 것이 올바른 사용 방법이다.​ ■ 양축(兩軸) 릴 - 장구통 모양의 스풀이 회전하는 형태   생김새 때문에 장구통 릴 또는 드럼 릴 등으로도 불리는 둥근 모양의 릴이다. 용도에 따라 몇 가지로 구분하지만 낚싯줄이 저장되는 스풀 자체가 회전하면서 낚싯줄이 풀리거나 감기도록 된 구조는 다 똑같다. 채비를 수직으로 풀어 내리는 외줄낚시에 주로 사용되지만 갯바위 돌돔낚시처럼 채비를 멀리 던질 수 있는 용도로 제작된 종류도 있다. 스피닝 릴이 낚싯대 아래쪽에 부착되는 것과는 달리 양축 릴은 낚싯대의 위쪽에 부착하게 된다. 대부분 핸들이 오른쪽에 달려 있어서 낚시를 할 때 왼손으로는 낚싯대를 쥐고 오른손으로 이 핸들을 잡아 돌리도록 되어 있다.스피닝 릴과는 달리 핸들을 돌리면 곧장 스풀이 회전하면서 낚싯줄이 감기게 되므로 무거운 채비나 중량급 어종을 상대하기에 유리한 기능이 양축 릴의 특징이다.     ▶ 베이트캐스팅 릴과 서프캐스팅 릴 - 두 가지 다 채비를 수직으로 풀어 내리는 용도 외에도 멀리 던질 수 있도록 만들어진 양축 릴이다. 이 가운데 베이트캐스팅 릴(bait casting reel)은 소형으로 민물 배스낚시에 주로 사용되는데, 바닷가 연안에서 우럭이나 넙치를 루어로 낚는 록피시(rock fish) 낚시에 사용한다. 이와는 달리 서프캐스팅 릴(surf casting reel)은 돌돔낚시나 대물 갯바위낚시에서 사용하는 대형 양축 릴을 이르는 말이다. 두 가지 모두 캐스팅 시에 스풀의 회전 관성을 제어하는 브레이크 장치(원심 브레이크, 마그네틱 브레이크 등)가 필수적으로 부착되어 있다.     ▶ 외줄낚시용 릴 - 양축 릴의 기본형. 채비를 멀리 던지지 않고 그냥 슬쩍 던져 수직으로 풀어 내리는 선상 외줄낚시에 사용되는 릴이다. 연근해 볼락·열기 외줄낚시의 경우는 스피닝 릴이 오히려 편리할 때도 있으나, 아주 무거운 봉돌을 사용하거나 수심이 매우 깊은 심해에서도 성행되는 우럭낚시의 경우는 아무래도 양축 릴이 우선시된다. 외줄낚시 전용 양축 릴을 서구에서는 컨벤셔널 릴(conventional reel)이라고 부른다. 구조가 간단하고 감아 들이는 힘도 강하게 만들어져 있다. 과거에는 외줄낚시용 릴을 이르는 일본말 그대로 도즈키(胴突) 릴이라고 부르기도 했다.    ▶ 지깅 릴 - 내구성을 우선한 것으로 강력한 힘을 자랑하는 릴이다. 외형과 기능은 일반 외줄낚시용 릴과 별반 다를 바 없지만, 루어낚시의 일종인 지깅(jigging)에 적합하도록 개발된 릴이다. 외줄낚시용 릴보다 기어비(比)가 높아 신속하게 감아 들일 수 있고, 대상어인 부시리 등의 끌힘을 상대하는 만큼 드랙도 보다 강력한 힘을 지니는 것이 큰 차이점이다. 낚시 장비를 혹사하는 지깅에 적합하도록 내부 기어는 물론 몸체와 핸들이 매우 견고하게 만들어져 있다.     ▶ 전동(電動) 릴 - 깊은 수심의 심해 외줄낚시에서 채비를 감아올릴 때 편리하고, 또한 깊은 수심에서 걸려든 물고기를 감아올리는 수고를 덜어주도록 전기모터에 의한 자동 감김 장치가 부착되어 있는 릴이다. 우럭낚시나 대구낚시에는 필수품이 되어 일반적인 외줄낚시용 릴은 찾는 사람이 없어졌을 정도이다. 전원(電源)이 없을 경우에는 일반적인 외줄낚시용과 똑같다. 전원은 휴대용 배터리 또는 선박에 준비되어 있는 배터리에 전선으로 연결해 사용한다. 릴에 직접 부착하는 소형 배터리도 있다.      ▶기타 양축 릴 - 트롤링낚시에 사용하는 트롤링 릴, 일본식 감성돔 떨굼낚시용 릴 등이 있다.    ■ 릴 크기와 모델 번호 - 무게와 권사량 기준    어느 정도 크기의 릴을 사용할 것인가? 이때 고려해야 할 요소는 대상어의 크기, 낚시하는 수심, 캐스팅 거리 등이 해당된다. 릴을 대개 소형·중형·대형 3가지 크기로 적당히 나누긴 하지만, 릴의 실제 크기는 메이커마다 다르고 한 메이커에서도 다양한 크기의 릴이 7~8단계로 선보인다. 그 기준은 릴의 무게나 감기는 낚싯줄의 양에 좌우되는데 모델 번호가 이를 대신하는 경우가 더 많다. 크기를 나타내는 모델 번호는 <표>에 나타낸 것처럼 전 세계의 릴 시장을 거의 양분하다시피 하는 두 대기업이 서로 조금 다른데, 이 두 가지를 기억해 두면 도움이 될 것이다. ■ 고급 릴과 중저가 릴 - 어떤 제품을 구입할 것인가?   시중에 판매되는 릴은 유명 메이커 제품도 있고 전혀 알려지지 않은 메이커 제품도 있다. 쉽게 구분하자면 가격이 비싼 릴과 저렴한 제품으로 나눌 수 있다. 일반적으로 유명 메이커 또는 특정 메이커의 플래그십(flagship) 모델이 고가이자 고급품에 해당된다. 그렇다면 처음 릴을 구입할 때 어떤 기준으로 골라야 할까? 처음부터 고급 제품을 선택할 것인가, 아니면 저렴한 제품을 구입한 후 차차 업그레이드 해나갈 것인가를 고민해 봐야 한다. 고가의 릴과 중저가의 릴을 비교해 보면 구조는 동일한 것을 알 수 있다. 차이점은 몸체의 소재, 내부 기어의 소재, 볼베어링 사용 개수, 정밀도, 드랙 기능 등에 있다. 이는 릴의 내구성, 즉 튼튼함을 유지하면서 얼마나 오래 사용할 수 있는가에 관계가 있다. 이것이 처음 릴을 구입하는 데 참고해야 할 요소이다. 실제로 릴의 선택은 대상어의 종류, 낚시 기법 등에 좌우 된다. 예를 들자면 연안에서 한나절 가자미를 낚는다면 저렴한 릴을 사용해도 큰 문제가 없을 것이다. 그러나 지깅으로 부시리를 노린다면 강력한 파워와 정밀한 드랙이 장치된 내구성이 좋은 고급 릴이 필수적이다.   ■ 릴에 낚싯줄 감기 - 많아도 탈, 너무 적어도 탈!     먼저 낚싯줄을 낚싯대의 가이드에 통과시킨 후 스풀에 묶는다. 낚싯줄에 적당한 장력을 유지하면서 릴의 핸들을 돌려 감는다. 혼자 하기는 어려우므로 다른 사람의 도움을 받도록 하자.릴에 감는 낚싯줄의 양은 스풀에 넘쳐도 좋지 않고, 너무 모자라도 좋지 않으므로 스풀의 끝단에서 3~5mm 정도 모자라게 감는 것이 이상적이다. PE 낚싯줄의 경우는 감는 양에 더욱 주의해야 한다. 초보자는 조금 모자라게 스풀의 8부 정도 감는 것이 적당하다. ■ 릴과 낚싯대의 결합 및 올바른 파지법   릴은 낚싯대에 부착되어 있는 릴 시트를 이용해 결합시킨다. 스피닝 릴은 낚싯대의 아래에, 양축 릴은 낚싯대의 위쪽에 오도록 결합시킨다. 낚싯대에 장치된 릴 시트는 크게 두 가지 형식이다. 하나는 나사를 돌리듯 조여 고정시키는 스크루 시트 방식으로 외줄 낚싯대, 던질 낚싯대, 루어 낚싯대 등에 널리 사용되고 있다. 또 하나는 플레이트 릴 시트로서 갯바위 낚싯대에 주로 부착되어 있는 방식이다.     ▶스피닝 도구의 올바른 파지법 - 기본적으로 오른손잡이라면 오른손으로 낚싯대를 쥐고 왼손으로 릴을 돌린다. 캐스팅을 준비하는 경우에는 오른손으로 릴 시트 부위를 쥐되 릴의 다리가 중지와 약지 사이로 들어가게 하고, 엄지는 낚싯대 위쪽 정중선 위를 지그시 누른다. 왼손은 낚싯대의 맨 아랫부분을 지그시 움켜쥔다. 왼손잡이라면 반대다.      ▶양축 릴 도구의 올바른 파지법 - 스피닝 도구와 반대이다. 오른손잡이라면 왼손으로 낚싯대와 릴의 아랫부분을 쥐고 오른손으로 릴을 돌린다. 소형 베이트캐스팅 릴로 캐스팅을 하는 경우는 오른손으로 낚싯대 그립을 쥔 후 릴이 옆을 향하도록 손목을 90도 비틀고 엄지로 릴의 클러치 레버를 누른다. 왼손은 낚싯대의 맨 아랫부분을 지그시 움켜쥔다. 왼손잡이라면 반대다. 서프캐스팅 릴을 사용하는 돌돔낚시의 캐스팅 준비 자세는 또 다른 형태를 취해야 하는데, <돌돔낚시> 어종별 실전편을 참고 바란다.  ​  TIP 페더링(feathering)과 써밍(thumbing)     페더링(feathering)과 써밍은(thumbing)은 캐스팅할 때 릴에서 방출되어 나가는 낚싯줄의 양을 인위적으로 조절하거나, 과도하게 풀려 나가는 낚싯줄이 엉키는 현상을 방지하기 위한 기술이다. 페더링은 스피닝 릴을 사용할 때의 기술인데, 캐스팅을 한 후 루어를 따라 낚싯줄이 풀려져나가는 동안 검지를 펴 릴의 스풀 끝단에 살짝 대면서 풀려 나가는 낚싯줄에 저항을 주는 방법이다. 써밍은 베이트캐스팅 릴을 사용할 경우로, 캐스팅 이후 고속으로 회전하는 스풀을 엄지의 끝부분을 이용해 살짝살짝 마찰을 주어 회전에 제동을 거는 기술이다. 이들 기술의 첫 번째 목적은 풀려나가는 낚싯줄을 제어하여 루어가 수면에 떨어진 이후 낚싯줄이 과도하게 늘어지는 것을 방지(페더링)하거나, 관성으로 회전을 멈추지 않는 스풀을 멈추게 해(써밍) 낚싯줄이 엉키는 백래시를 방지하려는 것이다.두 번째는 적극적으로 낚싯줄의 방출량을 억제해 비거리를 조절하여 캐스팅의 정확도를 높이려는 것이다.   낚싯줄(Line) ∥ 소재와 용도로 구분물고기와 낚시인을 직접적으로 이어주는 것이 낚싯줄이다. 낚싯대나 릴이 없더라도 물고기를 낚을 수는 있지만 낚싯줄이 없다면 낚시가 성립되지 않는다. 가늘면서도 질긴 것이 좋은 낚싯줄의 조건으로, 화학섬유로 만들어진 낚싯줄의 등장으로 짧은 기간에 낚시는 비약적으로 발달했다. 통상적으로 낚싯줄은 크게 원줄과 목줄로 구분하여 사용한다. 원줄은 부드럽고 매끄러운 것이 유리하고 목줄은 마찰에 강하고 튼튼할 필요가 있다. 이와 같이 용도가 다양한 낚싯줄은 소재에 따라 종류가 구분된다.      ■ 낚싯줄의 종류 - 크게 나일론과 카본, PE 소재   과거 화학섬유가 개발되기 이전에는 말총과 견사(絹絲)·마사(麻絲) 등 천연섬유가 낚싯줄로 사용되었지만, 화학섬유의 등장으로 낚시의 판도가 바뀌기 시작했다. 특히 제2차 세계대전 시기에 등장한 나일론(폴리아미드)이 차츰 낚싯줄로 사용되기 시작하면서 비약적인 발전을 거듭했다고 해도 과언이 아니다. 현재 사용되고 있는 낚싯줄은 나일론·플로로카본·PE(폴리에틸렌) 소재 3가지가 주류를 이루고 있다.    ▶ 나일론 - 과거부터 사용돼 온 낚싯줄의 대명사로 가장 흔히 볼 수 있는 낚싯줄이다. 나일론(Nylon)이란 명칭은 1937년 폴리아미드(polyamid)를 처음으로 합성한 미국 듀퐁(Dupont)사의 상표명이 일상적으로 불리게 된 데에서 유래한다. 나일론은 발명되자마자 낚싯줄로 사용된 것은 아니지만, 낚싯줄의 소재로 채용되면서 이전까지 사용되던 다른 천연소재와 합성섬유 소재를 모두 밀어내고 낚싯줄의 주류가 되었다. 적당한 신축성과 강도를 갖고 있으며 염색도 자유롭고 가격도 저렴해 낚싯줄로서는 과거로부터 또 미래에도 최적의 소재라 할 수 있다.    ▶ 플로로카본 - 나일론에 비해 강도와 비중이 높아 목줄용으로 많이 사용된다. 원래 명칭은 ‘플루어로카본(fluorocarbon)’이지만 보통 카본줄 또는 플로로카본이라고 불리는 낚싯줄이다. 그냥 카본줄이라고 부르기는 하지만 탄소(카본)와는 관계없이 불소수지로 만들어진다. 나일론에 비해 단단하고 비중이 높아 잘 가라앉으며, 약한 하중에서는 잘 늘어나지 않으므로 입질 파악에 좋은 예민한 특성이 있다. 나일론이 부드러운 특성으로 원줄에 많이 사용된다면 플로로카본은 단단하므로 목줄로 많이 사용한다. 단점이라면 나일론보다 가격이 비싸고 자연계에서 분해가 되지 않아 공해를 유발한다.    ▶ PE - 합성섬유인 폴리에틸렌(polyethylene)의 분자구조를 바꾼 신소재, ‘초고분자량 폴리에틸렌(UHMWPE)’으로 만든 낚싯줄로 그냥 PE 줄이라고 부른다. 1990년대 이후 낚싯줄로 사용되기 시작한 낚싯줄 소재 중에서는 최신 제품이다. 다른 낚싯줄에 비해 3~5배 이상의 인장강도를 가지고 있는 데다가 신축성이 거의 없어 심해 낚시, 지깅 등 새로운 낚시장르를 만드는 기폭제 역할을 했다. 가격이 비싸지만 오래 사용할 수 있는 장점이 있는 대신 열에 약하고 마찰에도 약한 것이 단점이다.    ▶ 기타 소재 - 섬유가 아닌 금속을 이용한 낚싯줄로 와이어(wire)가 있다. 스테인리스, 티타늄, 니켈 등의 합금을 주성분으로 한다. 한 가닥의 단사와 여러 가닥을 꼰 합사, 전깃줄처럼 피복을 입힌 제품 등이 있다. 주로 돌돔이나 돗돔과 같은 대물낚시, 트롤링 등 이빨이 강한 대상어종에 사용한다. 참고로 민물 은어낚시에도 극세사(極細絲)용으로 와이어가 사용되기도 한다.   ■ 낚싯줄의 규격 - 동양에선 굵기, 서양에선 강도 표시     낚싯줄의 단위를 구분할 때는 굵기나 인장강도를 표시한다. 우리나라와 일본은 낚싯줄의 굵기를 기준으로 해서 호수(號)를 사용하고, 서양에서는 해당 낚싯줄이 얼마나 무거운 것을 매달 수 있는가를 기준으로 인장강도(引張强度), 즉 무게(파운드 혹은 킬로그램)를 사용해 표시한다. <표>에 정리한 것처럼 낚싯줄의 규격은 세계 공통표준이 아니라서 제조 메이커마다 낚싯줄 소재에 따라서 약간씩 차이를 보인다.   낚싯바늘(Hook) ∥ 대상 어종의 특성 고려해 제작 물고기의 입에 걸려 최종적으로 물고기를 낚게 해주는 역할을 하는 것이 낚싯바늘이다. 낚싯바늘은 물고기의 입에 잘 걸리도록 만들어져야 하는 것은 물론, 미끼가 잘 떨어지지 않아야 하며 튼튼하여 부러지거나 변형되지 말아야 한다. 이런 낚싯바늘은 종류가 무척이나 많은데, 낚고자 하는 대상어종의 특성에 알맞도록 개발되다 보니 물고기 종류만큼 낚싯바늘의 종류가 있다고 해도 과언이 아니다.     ■ 구조와 종류 - 대상 어종별로 명칭 부여   낚싯바늘의 구조 가운데 가장 중요한 요소는 바늘끝(point)과 미늘(barb) 그리고 귀(eye) 부분이다. 물고기를 단번에 잘 꿰기 위해서는 끝이 날카로워야 하며, 걸려든 물고기가 쉽게 빠져나가지 못하게 하기 위해서는 미늘이 있어야 하고, 바늘을 묶기 위해서는 귀 부분이 있어야 한다. <그림>에서 보듯 턱과 허리 부위의 길이 및 구부러지는 각도 또한 낚싯바늘의 형태를 구성하는 중요한 요소인데, 이들 모두는 대상어종의 특성을 고려해 여러 갈래로 만들어진다. 특히 바다낚시는 대상어종이 다양한 만큼 민물낚시에 비해 낚싯바늘의 종류도 매우 다양하다. 망상어와 같은 소형 어종을 낚는 작고 가벼운 것에서부터 다금바리를 낚는 크고 굵은 것까지, 낚싯바늘의 종류는 오늘도 새롭게 나타나고 있다. 그러나 바다낚시에 사용되는 낚싯바늘은 크게 일반 생미끼 낚시용과 가짜미끼를 사용하는 루어낚시용으로 구분할 수 있는데 명칭과 규격, 사용법 등이 판이하다.     ▶ 일반 미끼낚시용 바늘 - 다양한 종류의 낚싯바늘은 일본에서 만들어지고 이름 붙여진 것이 대부분으로, 각 대상어별로 형태와 기능이 세분되어 있다. 물고기의 입 구조와 사용하는 미끼의 종류를 참조하여 개발하는 등, 대상어에 최적인 전용 낚싯바늘이라고 할 수 있다. 감성돔바늘·농어바늘·망상어바늘·돌돔바늘 등등의 이름을 가지고 있으며 같은 감성돔바늘이라도 크릴용, 조갯살용, 방파제용 등 미끼 종류나 기법으로도 세분된다.     ▶ 루어낚시용 바늘 - 서양에서 시작된 루어낚시인 만큼 여기에 사용하는 낚싯바늘은 구조가 미끼낚시용과는 많이 다르다. 미끼를 부착시키기보다는 루어의 일부로서 장치되는 바늘로, 바늘귀 대신 고리(훅 아이)가 있다. 싱글 훅(single hook), 더블 훅(double hook), 트레블 훅(treble hook) 등 형태별로 나뉜다.     ■ 낚싯바늘의 규격(크기) - 메이커별로 기준 차이    바늘의 크기는 호수로 나타낸다. 그러나 각 메이커마다 조금씩 다른 기준을 나타내고 있어서 통일된 기준이 없는 것이 현실이다. 서로 다른 메이커가 크기별로 비슷한 호수를 사용하는 경우도 있지만 같은 메이커 제품 중에는 낚싯바늘의 종류(형태)별로 완전히 다른 기호로써 크기를 나타내는 경우도 있다. 미끼낚시용 낚싯바늘은 호수가 커질수록 바늘 크기도 커지지만, 루어낚시용은 반대로 번호가 작아질수록 바늘 크기가 커진다. 또한 1호보다 큰 바늘이라면 1/0, 2/0…와 같은 표기를 하기도 한다.  INFO 케블라 낚싯줄   석유화학공업으로부터 탄생한 나일론(폴리아미드)은 분자구조를 다양하게 만들 수 있으므로 약간씩 성격이 다른 낚싯줄 생산이 가능하다. 나일론 분자를 변형시켜 만든 아라미드(aramid) 섬유라는 것이 있는데, 그중에 케블라(KevlarⓇ)라는 상품명으로 알려진 것이 있다. 마찰강도와 인장강도가 뛰어나 주로 방탄조끼 제조 등에 사용되는 강력한 섬유이다. 이를 바탕으로 합사를 제조하여 돌돔낚시의 목줄, 지깅낚시용 어시스트 훅의 목줄에 사용하고 있다. INFO 단사와 합사낚싯줄의 단면을 보면 크게 두 가지가 있는데 한 가닥인 단사(單絲)와 여러 가닥을 합쳐 꼬아 만든 합사(合絲)가 그것이다. 단사는 모노필라멘트(mono filament)라고 부르는 한 가닥의 끊임없는 긴 낚싯줄로, 흔히 보는 일반 낚싯줄이다. 나일론이나 플로로카본 소재의 낚싯줄이 이에 해당한다.합사는 아주 가느다란 줄을 여러 가닥 다발로 모아 꼬아 만든 줄을 말한다. PE 낚싯줄이 대표적이다. 돌돔낚시나 지깅용 목줄로 애용되는 케블라 줄도 합사이다.    봉돌(Sinker) ∥ 채비를 보내고 고정시키는 기능 봉돌은 채비의 일부로 무거운 중량을 가지고 있으므로 채비를 원하는 장소나 수심으로 보내는 역할을 한다. 채비를 멀리 던질 수 있게 해주고 빨리 가라앉도록 하며, 미끼가 원하는 장소에서 움직이지 않도록 고정해 주는 역할도 한다. 봉돌은 부피에 비해 무게가 무거울수록 유리하므로 비중이 높은 납이 주재료가 되어 왔지만, 공해물질인 납을 대신할 새로운 소재로 점차 바뀌고 있다. ■ 봉돌의 소재와 종류   봉돌의 재료는 낚시 장르를 막론하고 납이 대부분을 차지한다. 비중이 크고 유연하여 가공하기 쉽고 값 또한 저렴하기 때문이다. 그러나 납은 인체에 치명적인 공해물질로 세계적으로 사용이 규제되고 있는 추세인 만큼 언젠가는 납으로 만든 봉돌은 퇴출되어야 할 대상이기도 하다. 납을 대신할 수 있는 소재로는 황동·철·텅스텐 합금·세라믹 등이 있는데, 외줄낚시에는 이미 철로 만든 봉돌이, 루어낚시의 경우에는 황동과 텅스텐 합금 제품 등이 사용되고 있을 정도다.봉돌은 채비의 어떤 부위에 설치하느냐, 또는 낚싯줄에 어떻게 부착하느냐에 따라 종류가 나뉜다. 대표적으로는 가운데에 낚싯줄이 통과할 수 있도록 구멍이 뚫린 구멍봉돌, 철사가 결합된 편대 봉돌, 고리가 달린 고리봉돌, 도래와 봉돌이 결합된 도래봉돌이 있는가 하면, 낚싯줄에다 직접 고정시키는 조개봉돌, 좁쌀봉돌도 있다.   ■ 봉돌의 규격은 호수 또는 무게로 표시    봉돌은 호수나 기호를 사용해 무게를 표시한다. 구멍봉돌·고리봉돌·조개봉돌 등은 호수로 표시되며, 루어낚시에 사용되는 봉돌은 대부분 그램(g) 또는 온스(oz.) 단위의 무게로 표시된다. 특이한 것은 갯바위 찌낚시에 사용되는 좁쌀봉돌의 경우는 그 무게(비중)를 찌의 부력표시와 같은 기호(B, 2B 등)로 나타내기도 한다. 물론 부력이 아니라 그만한 부력에 맞서는 무게를 뜻하는 것인데, 참고로 B로 표기된 좁쌀봉돌 2개를 합치면 2B의 무게가 되느냐 하면 그렇지 않으므로 찌의 부력에 맞춰 사용할 때 상당히 주의해야 한다. 자세한 수치는 <표>를 참고하기 바란다.   찌(Float) ∥ 채비를 이끌고 어신을 전달하는 기능찌는 어신을 알려주는 역할이 주된 기능이지만 경우에 따라서는 채비를 멀리 운반시키는 역할, 물속 채비의 상태를 알려주는 역할도 한다. 더욱이 종류에 따라서는 채비와 미끼가 원하는 수심에 머물도록 하는 기능, 복잡한 조류에 동조하도록 하는 기능을 갖는 것도 있다. 찌의 종류는 다양해서 대상어와 구사하는 기법에 따라 사용법 또한 달라진다. ■ 모양과 기능에 따라 종류 구분   찌는 형태, 기능, 용도에 따라 여러 가지로 구분할 수 있다. 대상어, 낚시기법, 낚시터 환경에 따라 적합한 찌가 있다. 상황에 알맞은 찌를 선택하기 위해서는 각각의 특성을 이해하고 선택할 수 있는 능력을 길러야 한다.   ▶ 막대찌 - 긴 막대 모양을 한 찌이다. 다른 형태의 찌보다 감도가 좋고 눈에 잘 보이며 약한 입질도 파악하기 쉬운 장점이 있지만, 바람이 세거나 수면에 파도가 이는 경우에는 사용하기 어려운 것이 단점이다.   ▶ 구멍찌 - 낚싯줄이 찌 몸통을 통과하도록 구멍이 뚫려 있으며 대체로 둥근 형태이다. 주요 인기어종을 노리는 갯바위 찌낚시용의 대세를 이룬다. 바람·파도·조류 등 어떠한 상황에서도 사용하기 용이한 찌로 분류된다.    ▶ 고리찌 - 설치와 교환이 간편한 원터치 형태가 특징. 찌를 낚싯줄에 고정시키기 위한 고리가 부착되어 있는 것으로, 채비를 자르지 않고 탈착이 간편한 것이 장점이다. 고리는 단순한 금속고리인 경우도 있고 회전이 되는 도래 형식으로 된 것도 있다. 낚싯줄에는 고정용 부품을 사용하거나 스냅도래를 이용한다. 막대찌에 고리가 부착된 형태, 둥근 원추형 찌에 고리가 부착된 형태 등 다양하다.    ▶ 던질찌 - 포인트가 먼 거리에 위치해 채비를 원거리까지 투척하기 위해 사용하는 찌이다. 구멍찌나 고리찌 형태지만 크고 무겁다. 채비 원투가 주요 기능인 던질찌만으로는 입질을 파악하기 힘들므로 입질을 알 수 있는 어신찌를 따로 앞쪽에 부착해 사용한다.      ▶ 어신찌 - 던질찌와 세트로 사용하여 별도로 입질 파악을 담당하는 기능을 지닌 소형 찌이다. 던질찌 앞쪽에 장치한다. 대부분 작은 구슬 형태 또는 원추 형태를 띤다.    ▶ 수중찌 - 비중이 높아 물속으로 가라앉는 찌로, 입질을 파악하기 위한 찌가 아니다. 봉돌처럼 채비가 가라앉도록 하는 역할을 한다. 물속에 드리워진 채비가 조류를 잘 타도록 해주며 미끼를 움직여주는 역할도 하고, 수심을 일정하게 유지하며 속조류의 방향을 읽을 수 있도록 해주는 역할까지 하는 찌이다. 가벼운 채비를 원투하는 데도 도움을 준다.   ▶ 전지(電池)찌 - 야간에도 잘 보이도록 찌 내부에 발광장치(발광다이오드)가 설치된 찌이다. 건전지(리튬전지)를 넣어 사용한다. 형태는 막대찌, 구멍찌 등 여러 가지가 있다. 발광장치의 무게나 부피로 인해 예민함이 일반 찌보다 떨어지고 가격도 비싼 단점이 있다. 이로 인해 근년 들어서는 일반 찌에 케미컬라이트나 삽입형 LED라이트를 꽂아 사용하는 경우가 늘어나면서 전지찌의 사용 빈도는 줄어들었다.    ▶ 염주찌 - 염주 형태의 둥근찌가 작은 크기부터 차례로 4~5개 연결되어 있는 찌이다. 입질이 오면 떠 있는 찌의 개수가 줄어들거나 늘어난다. 학공치낚시에 주로 사용되며 망상어낚시에도 활용된다.   ■ 찌의 부력을 나타내는 기준은?    바다낚시용 찌는 부력을 기호로 표시한다. 기호의 의미는 해당하는 무게의 채비를 달고 떠 있을 수 있는 부력을 의미한다. 그런데 찌를 활용하는 낚시 기법이 갈수록 새롭게 등장함에 따라 찌 자체가 바닷물과 비중이 비슷하거나(제로찌), 서서히 가라앉는(잠수찌) 등 부력을 없앤 찌도 등장하였다. 이런 찌의 경우는 부력 표시의 기호가 0이거나 마이너스(-)로 표시된다. INFO 자립(自立)찌란?자립찌란 스스로 서 있다는 이름 그대로, 물에 띄웠을 때 혼자 바로 서서 떠 있는 찌를 말한다. 찌의 몸통 하단부에 추가 내장돼 있어 수면에서 스스로 똑바로 서있을 수 있는 것이다.자립찌가 아닌 일반 찌는 부력에 상응한 봉돌을 따로 부착해 채비가 정렬되어야만 비로소 수면에서 바로 서게 된다.         바다낚시에 필요한 기타 소품 바다낚시의 채비를 완성시키기 위해서는 눈에 크게 띄지는 않아도 필수적으로 사용해야 하는 소품들이 있다. 또한 물고기를 무사히 낚고 보관하는 데 필요한 도구도 있고, 낚시인의 안전을 위해 필요한 도구도 있다. 이들을 적절히 활용해야 조과도 풍성하고 불편함도 없는 성공적인 낚시가 완성된다.   ▶ 도래와 스냅 - 낚싯줄끼리의 연결, 특히 원줄과 목줄을 연결할 때 꼬임 방지를 위해 사용하는 것이 도래이다. 상하 고리가 회전하여 꼬임을 방지한다. 스냅은 고리가 부착된 봉돌이나 루어, 찌 등을 채비에 연결하기 편리한 소품이다. 도래와 스냅은 용도에 따라 크기와 형태가 다양하다. 도래와 스냅이 합쳐진 스냅도래도 있다.     ▶ 스플릿 링(split ring) - 주로 루어에 부착되는데, 루어와 바늘을 연결하거나 낚싯줄과 루어를 연결하는 부품으로 사용된다. 루어의 부속 중 하나로만 생각하고 대수롭지 않게 여기기도 하지만 파손되기 쉬우므로 낚시 도중에 자주 검사하여 변형이 발견되면 주저 없이 교환해야 한다.     ▶ 완충 고무, 구슬 - 구멍봉돌과 도래 또는 구멍찌와 도래 사이에 넣는 작은 보조 도구이다. 채비를 캐스팅 할 때 무거운 봉돌이나 찌가 움직여서 발생하는 충격을 흡수하여 낚싯줄의 매듭을 보호하는 기능을 한다.    ▶ 뜰채 - 끌어온 물고기를 안전하게 들어 올리는 그물망이 달린 도구이다. 대물이 낚였을 경우, 발판이 높은 장소, 가는 목줄을 사용하는 경우일수록 필수품이다. 배낚시의 경우는 선장이 준비해 둔 것을 사용해도 되지만, 갯바위낚시나 방파제낚시의 경우에는 개인적으로 준비돼 있어야 한다.    ▶ 밑밥 품질용 도구 - 갯바위나 방파제에서 밑밥을 사용하며 찌낚시를 할 때 필요한 도구이다. 밑밥통·미끼통·밑밥주걱·두레박 등이 필요하다.   ▶ 아이스박스 - 미끼나 낚은 물고기의 신선한 보관 등에 유용하다. 물고기의 크기, 낚시 일정을 고려하여 적당한 용량(크기)을 선택해야 한다. 낚시용 아이스박스는 물고기 투입구, 미끼 보관통, 물 배출구가 설치되어 있어 보다 편리하다. 밀폐된 아이스박스는 물에 뜨므로 비상시에 구명동의 대용으로도 사용할 수 있다.   ▶ 각종 가방 및 케이스 - 낚싯대와 뜰채가 수납되는 가방, 릴과 각종 도구를 수납할 수 있는 갯바위낚시용 백, 찌를 담을 수 있는 찌 케이스, 그밖에 바늘·조개봉돌·도래 등 각종 소품을 담을 수 있는 다양한 크기의 수납용기가 있다.   ▶ 플라이어 - 이빨이 날카로운 물고기의 입에서 바늘을 뺄 때, 굵은 낚싯줄을 절단할 때 등 다목적으로 사용할 수 있는 필수 도구이다.    ▶ 케미컬라이트, LED라이트 - 밤낚시 필요한 빛을 발하는 소품이다. 찌나 낚싯대 초리에 설치하여 입질의 파악이나 찌의 위치 확인 등에 사용한다. 굵기와 길이가 다양하여 용도에 맞도록 선택할 수 있다.    ▶ 시판용 완성채비 - 일일이 복잡하고 시간이 걸리는 채비를 직접 만들지 않고 미리 만들어져 있는 것을 구입해 사용할 수 있다. 열기낚시 채비, 고등어낚시 채비, 가자미낚시 채비, 우럭낚시 채비 등 주로 배낚시용에 많은데 전문 메이커 제품도 있고 현지의 낚시점에서 만들어 판매하는 것들도 있다.   바다낚시의 복장 낚시 준비는 낚싯대와 릴과 같은 도구만 챙겼다고 완료되는 것이 아니다. 날씨와 조류의 영향이 시시각각 변하는 바다낚시의 환경은 그야말로 변화무쌍하다. 실제로 간편하게 T셔츠에 운동화 차림으로 즐길 수 있는 낚시가 있는가 하면, 헬멧과 스파이크가 장착된 신발을 갖춰야 하는 낚시 분야도 있다. 상황에 알맞은 적절한 복장이 갖추어져야만 쾌적하고 안전한 낚시가 보장된다는 사실을 염두에 두어야 한다.    ▶ 방수 낚시복 - 바다라는 특수한 환경은 비는 물론 바람과 파도에 의한 물보라를 무릅쓰는 경우가 많다. 이때 방수성이 있는 복장은 필수 요건이다. 방수 낚시복은 단순한 우비일 수 있지만 비가 내리지 않을 때도 착용하는 경우가 많다. 특히 갯바위낚시나 배낚시에서는 통상 착용하는 낚시 유니폼의 성격을 갖고 있다. 가격이 비싸지만 방수투습 소재로 만든 낚시복의 경우, 외부는 비바람이 몰아쳐도 옷 안은 쾌적하다.    ▶ 갯바위 신발 - 험하고 미끄러운 갯바위에서 낚시를 할 때, 미끄러지지 않도록 밑창이 특수한 신발이다. 대부분 밑창에 펠트(felt), 스파이크 등이 부착돼 있다. 파도에도 젖지 않도록 방수 기능을 갖춘 제품도 있고 목이 긴 장화와 같은 구조를 한 갯바위 신발도 있다.      ▶ 구명동의(救命胴衣) - 보통 라이프재킷이나 구명조끼라 부른다. 안전사고 예방을 위해 배낚시에서는 착용이 의무화되어 있기도 하다. 물론 갯바위나 방파제에서도 착용을 잊지 말아야 할 필수품이다. 크게 고체식과 팽창식으로 구분된다. 고체식은 부력제가 내장돼 있고, 팽창식은 압축공기 봄베가 들어 있어 부풀어지는 것이다. 고체식은 대부분 베스트(조끼) 형태로 주머니가 많아 소품 휴대에 좋은 장점이 있다. 팽창식은 어깨걸이, 벨트, 파우치 형태 등이 있는데 가볍고 간편한 장점이 있다.   ▶ 편광 선글라스(polarized sunglasse) - 바다에서는 도시보다 자외선(UV)량이 많다. 강한 자외선으로부터 눈을 보호하기 위해 선글라스의 착용은 이미 상식이다. 여기에 더하여 렌즈에 편광필터가 부착된 편광 선글라스는 수면에 반사되는 빛을 편광화하여 난반사를 없애기 때문에 눈이 부시지 않고 물속이 잘 보이는 이점이 있다.    ▶ 모자와 장갑 - 모자의 역할은 강한 자외선과 열기의 차단, 머리 보호, 겨울철 보온에 있다. 여름용이라면 챙이 넓고 통풍이 잘 되는 것, 겨울용이라면 따뜻하고 습기가 차지 않는 것을 고른다. 또한 손의 보호도 중요하다. 바다라는 거친 환경에서 안전을 도모하는 것은 물론 겨울철 보온을 위해서 장갑의 착용은 필수적이다. 잘 젖지 않고 젖어도 빨리 마르는 소재가 좋은데, 목면이나 천연가죽 제품보다는 인조세무와 같은 재질이 좋다. 낚시 전용 장갑이 여러 가지 형태로 제품화 되어있다. 겨울철에는 방수 및 보온 위주로 선택한다.     ▶ 기타 액세서리 - 없으면 아쉽고 있으면 편리한 소품이 있다. 울퉁불퉁한 바닥에 편하게 앉을 수 있는 히프커버, 야간에 필수인 헤드랜턴, 조난 시에 도움을 주는 호루라기, 지깅에 필요한 로드 벨트(하네스) 등이 그것이다.  




글/사진 
									
										
										
											예조원
										
									
								
낚시채널 FTV에서 방송 프로그램을 진행하고, 낚시잡지에 글을 연재하며, 틈나는 데로 집에서 어탁작품을 하는 등 낚시와 더불어 살고 있는 낚시 선비로서 대학, 낚시단체의 강의를 하고, 낚시활동은 전국을 무대로 합니다.

									본 콘텐츠의 저작권은 저자 또는 제공처에 있음을 알려드립니다.
									또한 무단으로 콘텐츠를 이용하는 경우 저작권법 등에 따라 법적 책임을 질 수 있으니 유의하시기 바랍니다.
								



추천 추천


























이전글 이전글
다음글 다음글


목록









[바다]  에필로그1. 기본 장비 및 소품




[바다]  에필로그4. 바다낚시의 예절과 안전대책




[바다]  에필로그3. 미끼와 밑밥에 관한 상식




[바다]  에필로그2. 해류와 조류(물때)에 관한 상식




[바다]  제10장 어종 별 입질 형태와 끌어내기, 바람과 낚시"
[바다]  에필로그1. 기본 장비 및 소품,"[바다]  에필로그1. 기본 장비 및 소품

							
								
								
									예조원
								
							



조회수조회수 2134
좋아요 수좋아요 수 8




 








 바다낚시에 필요한 도구는 무엇이 있는가? 어디에서 얼마만큼 마련하면 될까? 이제 막 바다낚시에 입문하려는 초보자에게 있어서 그 선택은 의외로 까다로운 문제가 될 수도 있다.대상어종에 따라 세세한 부분이 조금씩 다른 다양한 종류가 있지만 기본적인 장비는 공통적이다. 바다낚시에 필요한 기본 장비의 구성을 제대로 알고 각각의 특성을 잘 이해하는 것이 올바른 장비를 갖추는 지름길이며, 올바른 장비를 갖추는 것은 바다낚시를 보다 편하고 쉽게 만드는 첫걸음이다. 첫 단추를 잘 꿰어야 하는 것이다.  낚싯대(Rod) ∥ 가장 복잡다양한 기초 장비 예부터 어부들의 ‘얼레를 사용한 외줄낚시’ 경우처럼 낚싯대를 사용하지 않는 바다낚시도 있다. 하지만 오늘날 취미의 낚시에 있어서는 낚싯대를 사용하는 경우가 대부분이다. 낚싯대를 사용함으로써 즉시적소의 장소와 여건에 대응할 수 있고, 깊은 수심에 머물고 있는 물고기를 보다 쉽게 낚아낼 수 있는 것이다. 또한 재미가 배가되어 어업이 아닌 취미에도 어울린다.바다낚시용 낚싯대는 낚시 장르의 발전에 따라 계속 새로운 형태로 개발되고 있다. 그러나 기본적인 분류는 민낚싯대와 릴낚싯대 두 가지 형태로 구분되며, 낚시 장소 및 방법 그리고 대상어종에 따라 더욱 세분화된다. ■ 민낚싯대(바다장대) - 크게 3가지 종류 여분의 낚싯줄을 감아둘 수 있는 별도의 장치가 마련돼 있지 않은 ‘민짜’ 형태의 낚싯대를 말한다. 즉, 릴(reel) 부착 시트가 없고 가이드도 부착돼 있지 않은 낚싯대로, 흔히 ‘장대’로 불린다. 일자로 된 대나무 낚싯대가 그 원조인데, 오늘날에는 안테나 식으로 뽑아내거나 여러 토막을 꽂는 식으로 되어 있다. 결국 릴낚싯대를 포함한 모든 낚싯대는 뽑기식과 꽂기식으로 나뉘는데, 바다용 민낚싯대는 뽑기식이 주류를 이룬다.갯바위나 방파제에서 볼락·망상어·감성돔 등을 근거리에서 속전속결로 낚아내기 위해 사용되며, 휨새와 강도에 따라 몇 가지 용도로 나뉜다. ▶ 볼락·망상어낚시용 - 마치 민물에서 사용되는 붕어 낚싯대를 연상시키는 것이다. 초리는 붕어 낚싯대처럼 유연하지만 허리힘이 강하고 전체적으로 빳빳한 특성을 가지고 있다. 바다낚시용에서는 가장 경량급 민낚싯대로서 방파제나 갯바위에서 볼락·망상어·학공치와 같은 소형급 어종을 낚는 데 사용한다. 길이는 보통 5~8m로 일본 제품은 볼락낚시 전용도 있다.    ▶ 감성돔낚시용 - 일반적으로 ‘바다장대’로 불리는 민낚싯대로 토막이 긴 장절 구조에 바닷물고기의 강한 저항에도 견딜 수 있도록 강한 허리힘이 갖추어져 있다. 길이가 4.5m에서 10m에 이르기까지 다양하게 나뉘어 있고, 주로 감성돔낚시에 있어서 낚시터의 환경과 상황에 따라 사용되도록 설계되어 있다. 속전속결, 또한 스릴 넘치는 손맛을 원하는 낚시인들이 찾는 경향이 높다.   ▶ 돌돔낚시용 - 바다장대 중에서 가장 강한 힘을 가지고 있는 중량급 낚싯대로, 여름철 절벽 포인트에서 돌돔을 낚기 위해 사용한다. 우리나라에서만 사용되는 독특한 낚싯대로, 고가의 돌돔 전용 릴과 돌돔 전용 릴낚싯대를 갖추지 않고도 돌돔을 낚는다는 점에서 묘미와 경제성이 가장 큰 장점이다. 초리부터 허리까지 빳빳한 특징이 있다. 길이는 9~12m까지 있지만 주로 10~11m를 사용한다.  ■ 릴낚싯대 - 용도와 기능 다종다양 릴을 부착해 사용할 수 있는 낚싯대를 통틀어 릴낚싯대라고 부르며 그 용도와 기능이 매우 다종다양한 편이다. 따라서 릴낚싯대는 낚시를 하는 장소와 구사하는 기법에 따라 다양한 종류로 세분화된다. 그러나 공통적인 것은 손잡이 부분에 릴을 부착하기 위한 부품(릴 시트)이 만들어져 있고, 릴에 감긴 낚싯줄이 들락날락 통과하는 링(가이드)이 낚싯대 몸통에 줄지어 부착되어 있다는 점이다. 민낚싯대와는 달리 먼 거리 포인트와 깊은 수심을 두루 겨냥할 수 있다는 점이 특징이다. ▶ 다용도 릴낚싯대 - 어디에서건 다목적으로 간편하게 사용할 수 있는 릴대를 말한다. 방파제나 선상 던질낚시용으로 두루 사용되는 릴낚싯대로, 용도가 딱히 규정돼 있다기보다는 그냥 간편하게 다용도로 사용한다는 점에서 편의상 부르는 이름이다. 굳이 표현하자면 중거리용 던질 낚싯대라고 분류할 수 있다. 뽑기식으로 2.1~3.6m의 길이가 주종이며, 용도가 분명한 다른 종류의 릴대에 비해 가격도 저렴한 편이다.   ▶ 외줄 낚싯대 - 난바다 또는 연근해 배낚시에 사용하는 낚싯대이다. 대상어가 우럭이나 볼락·열기와 같이 채비를 멀리 던지지 않고 수직으로 풀어 내리는 형식의 외줄낚시에 사용한다 하여 외줄 낚싯대라고 부른다. 대상어의 크기와 수심에 따라 그에 대응하는 강도를 추부하량으로 나타낸다. 심해 침선 낚시에서는 추부하량이 80~150호로 강한 것을 사용하고, 열기낚시에는 30호 정도를 사용한다. 길이는 주로 2.1~2.7m가 많다. 열기낚시와 같이 가지바늘 채비가 긴 경우에는 보다 긴 대를 사용하는 편이 편리하다. 우럭낚시용과 열기·볼락낚시용으로 구분되지만 우럭과 열기·볼락을 겸하는 콤비 제품도 있다. 꽂기식으로 된 두 토막 가운데 끝대를 두 가지로 만들어 용도에 맞게 교체 사용할 수 있도록 만든 제품이다. ▶ 갯바위 낚싯대 - 일반적으로 ‘갯바위 찌낚시 릴대’로 불리는 제품들이다. 찌 흘림낚시로 감성돔·벵에돔·참돔과 같은 돔 종류와 농어·부시리를 노리는 등 용도별 제품들이 다양하다. 낚싯대의 강도를 호수를 매겨 구분하는데, 감성돔은 0~1호 정도의 가장 섬세한 낚싯대를 주로 사용하고 벵에돔은 조금 강한 1~2.5호를 사용한다. 3~5호는 부시리와 같은 대형급 용도인데 찌낚시뿐만 아니라 던질(처넣기)낚시에도 사용한다. 길이는 4.5~6.3m로 몇 단계로 나뉜다.    ▶ 돌돔 낚싯대 - 강력한 돌돔의 입질과 끌힘에 견디도록 만들어진 전용 릴낚싯대이다. 갯바위 낚싯대 중에서 가장 강한 5호와 비슷하지만, 릴 시트의 위치가 뒤쪽으로 많이 치우쳐 있는 것으로 구분할 수 있다. 이는 돌돔 전용 양축 릴의 사용을 전제로 만들어지고 있기 때문이다. 뽑기식도 있지만 본격 돌돔 전용 제품은 꽂기식으로 된 경우가 많다.   ▶ 백사장 원투 낚싯대 - 더 멀리 저 수평선까지, 채비를 보다 멀리 던질 수 있도록 만들어진 낚싯대이다. 서프 캐스팅 낚싯대라고도 부른다. 주로 백사장에서 사용하는데, 주요 대상어종은 보리멸이다. 우리나라에서는 보리멸낚시가 폭넓게 성행하지 않아 사용하는 경우가 많지 않지만, 이웃 일본에서는 인기가 매우 높은 낚시 장르이다. 낚시 용도뿐만 아니라 원투 비거리 경기용으로 사용되는 제품도 있을 정도이다. 토막 수가 적고 가이드 개수도 적으며, 릴 시트의 위치도 원투하기에 좋은 위치에 부착되어 있다.   ▶ 루어 낚싯대 - 루어낚시가 바다로 확장되면서 바다 전용 루어 낚싯대가 등장하였다. 연안의 우럭·쥐노래미와 같은 소형 어종을 겨냥하는 제품에서부터 농어용, 갯바위 캐스팅용, 지깅용, 오징어낚시(에깅)용, 볼락용 등 다양한 형태로 개발되고 있다. 대상어종에 따라, 구사하는 기법에 따라 길이와 구조, 성능이 아주 다양하게 채용된다    ■ 낚싯대의 휨새와 강도 낚싯대의 휨새란 낚싯대가 휘어지는 모양새 즉, 낚싯대에 부하가 걸렸을 때 구부러지는 기점의 위치를 나타내는 것이다. 이에 비해 낚싯대의 강도(强度)란 낚싯대에 매달 수 있는 부하량(負荷量)이나 물고기를 끌어올리는 힘을 나타내는 말이다. 이와 같이 엄밀히 구분하면 서로 다른 의미이지만 편의상 같은 개념으로 혼용하는 경향도 있다. 우리나라의 경우 서구식 표현법과 일본식 표현법이 혼합되고 있기 때문이다. 표기 방법의 차이뿐만이 아니라 민낚싯대와 릴낚싯대의 경우도 그 기준이 다른 데다가 메이커마다 차이를 보인다.그래서 낚시에 경험이 많은 사람은 직접 낚싯대를 흔들어보거나 휘어보고는 ‘단단한 정도’를 감으로 느끼는 경우도 많다. 그러나 뻣뻣한 낚싯대가 꼭 강한 낚싯대인 것만은 아니다. 유연하지만 무거운 봉돌을 달 수 있는 낚싯대가 있는가 하면, 빳빳해도 무거운 봉돌을 달면 견디지 못하고 부러져버리는 낚싯대도 있다.     ▶ 휨새의 표기 방법 - 낚싯대 전체 길이를 십등분한 후, 휘어보았을 때 휘어짐의 기점이 어디쯤에 있는가를 보고 ‘휨새’를 명명한다. 표기 사례는 <표>와 같은데, 민낚싯대나 갯바위 낚싯대는 일본식의 표현 방식도 사용된다. 루어 낚싯대의 경우는 F(fast), S(slow) 등과 같은 테이퍼나 액션이라는 표현을 사용하기도 하는데, 휨새는 엄격하게 정해진 기준이 없으므로 경계가 모호한 것이 사실이다. 게다가 기본적 휨새 구분과는 별도로 브랜드별로 독특한 표현을 덧붙여 더욱 세분화하기도 한다.   ▶ 강도의 표기 방법 - 낚싯대의 강도(强度)는 얼핏 얼마나 커다란 물고기를 낚아 올릴 수 있는가에 대한 표현이라 생각할 수도 있다. 그러나 연약한 낚싯대로도 얼마든지 대어를 낚을 수 있으므로 올바른 표현은 아니다. 결국 낚싯대의 강도란 그 낚싯대의 탄성 범위 내에서 얼마나 무거운 무게(負荷量)를 매달 수 있는가가 정확한 표현이다.  일반적으로 낚싯대의 강한 정도는 빳빳한 정도와 얼마간 비례하므로 이를 기준으로 연질(軟質), 경질(硬質) 등으로 표시하기도 한다. <표>에 나타낸 바와 같이 낚싯대의 강도 표시 또한 서구식 표현과 일본식 표현이 뒤섞여 사용되고 있다. 또한 갯바위 낚싯대의 경우는 1호, 2호 등으로 구분해 사용 가능한 목줄의 호수 표시를 하고, 외줄 낚싯대의 경우는 50호, 100호 등과 같이 매달 수 있는 봉돌의 무게를 호수로 표시한다. 그리고 루어 낚싯대는 UL, MH와 같은 표기법을 사용하거나 또는 사용할 수 있는 루어의 중량이나 부착한 릴의 드랙 수치를 통해 낚싯대가 견딜 수 있는 중량을 표기하기도 한다.  TIP 인터라인 낚싯대 릴낚싯대에 줄지어 달려 있는 가이드(guide)는 이름 그대로 낚싯줄을 안내하는 역할을 한다. 릴낚싯대에 있어서 가이드는 필수적인 요소이다. 그런데 이 가이드에 종종 낚싯줄이 걸리는 폐단이 생긴다. 낚시 도중 늘어진 낚싯줄이 바람의 영향을 받거나 돌발적으로 가이드의 프레임에 감기는 현상이 발생하는 것이다. 이를 근본적으로 없애고자 나타난 낚싯대가 바로 인터라인(inter-line) 낚싯대이다.낚싯줄이 낚싯대의 몸통으로 들어가 초리 끝으로 빠져나오는 구조를 하고 있다. 낚싯대가 지닌 성능(힘)이 손실 없이 다 실린다는 장점도 있다. 그러나 원투하기가 힘들고 낚싯대 내부의 청소도 힘이 드는 등 단점도 있다. 가이드가 달린 낚싯대가 좋으냐, 인터라인 낚싯대가 좋으냐는 서로 일장일단이 있어서 우열을 가늠할 수 없다. 갯바위낚시용, 외줄낚시용 등에 인터라인 낚싯대가 등장해 있다. INFO 꽂기식과 뽑기식전체 길이가 긴 낚싯대는 여러 토막으로 이뤄져 있고, 이를 잇는 방식은 두 가지 형태로 나뉜다. 안테나를 뽑아내고 집어넣는 형식으로 된 제품을 ‘뽑기식(안테나식, telescopic)’이라 하고, 서로 분리된 토막을 꽂아 끼우는 방식을 ‘꽂기식’이라 부른다. 이 두 가지 방식은 각각 낚싯대의 휨새와 강도는 물론 무게에 영향을 크게 미친다. 낚시 방법과 목적에 따라 적합한 형태가 채용되는데, 만능 릴낚싯대와 갯바위 낚싯대는 주로 뽑기식, 돌돔 낚싯대와 외줄 낚싯대, 루어 낚싯대 등은 주로 꽂기식으로 만들어지고 있다.    릴(Reel) ∥ 모양과 기능에 따라 크게 두 종류 멀리 떨어져 있는 물고기를 낚기 위해 고안된 도구이다. 낚싯대의 길이만으로는 닿지 않은 지점까지 미끼를 보내기 위해 낚싯줄을 감아두었다가 풀거나, 다시 회수해 감아둘 수 있도록 만들어진 기계이다. 어부들이 사용하는 얼레와 같이 낚싯줄을 감아두기만 하는 단순한 기능을 갖는 것에서부터 대형 물고기를 쉽게 낚아 올리기 위해 첨단 기능이 내장된 것, 전기 동력을 사용하는 것까지 실로 다양한 형태지만 기본적으로는 두 가지로 구분된다.      ■ 스피닝 릴(spinning reel) - 스풀이 고정된 형태   바다낚시 전반에 걸쳐 사용하는 대표적인 릴로서, 주로 채비를 멀리 던진다는 목적에 적합하도록 만들어진 것이다. 용도에 따라 몇 가지로 구분하지만 기본 구조는 동일하다. 핸들의 회전에 따라 스풀이 직접 돌면서 낚싯줄이 감기는 양축 릴과는 달리, 스피닝 릴은 로터(rotor)가 돌면서 고정된 스풀에 낚싯줄이 감기는 구조이다. 오른손잡이와 왼손잡이 모두가 편리하게 사용할 수 있도록 핸들을 좌우로 바꿔 부착시킬 수 있다. 낚싯대의 아래쪽에 장치한다.   ▶ 일반 스피닝 릴 - 흔히 볼 수 있는 기본적인 형태의 스피닝 릴이다. 채비를 던지거나 풀어 내리는 낚시라면 언제든지 사용할 수 있으므로 대상어종을 가리지 않는다. 크기도 200g의 소형에서부터 900g이 넘는 대형까지 다양하여 낚시 형태에 맞춰 선택하면 된다. 드랙의 위치에 따라 두 종류로 구분되는데, 드랙이 릴 몸체 앞쪽에 위치한 것을 프론트 드랙(front drag) 릴이라 부르고 릴 몸체 뒤쪽에 위치한 것을 리어 드랙(rear drag) 릴이라 부른다. 프론트 드랙 릴이 대세이다. ​ ▶ 레버 브레이크(LB) 릴 - 갯바위 찌낚시에 많이 사용되는 릴이다. 일반 스피닝 릴과 외관상으로 매우 비슷하지만 릴 몸체와 다리 사이로 비죽이 튀어나온 레버가 하나 달려있는 것이 다른 점이다. 일반 스피닝 릴에 붙어 있는 드랙 장치 대신에 레버가 붙어 있는 것으로, 이 레버로 로터의 회전에 마찰을 주어 제동을 거는 구조이다. 레버 브레이크(lever brake)를 줄여 LB 릴이라고 부르기도 한다. 갯바위나 방파제에서 주로 벵에돔·감성돔 등의 릴 찌낚시에 사용한다. ​ ▶ 원투(경기)용 - 일반 대형 스피닝 릴과 유사하지만 몸통에 비해 스풀이 커다란 특징이 있다. 백사장에서 채비를 보다 멀리 던지기 위해 만들어진 것으로, 캐스팅 시에 낚싯줄이 거침없이 잘 풀려나갈 수 있도록 스풀의 지름이 점차 축소되는 특이한 구조를 띤다. 드랙 기능이 최소화 되거나 아예 없는 것도 있는 등, 일본에서는 낚시 목적 이외에 백사장 원투 경기용으로 제작되기도 한다. 주요 대상어는 보리멸·가자미·황어 등으로 백사장 원투 대와 세트로 사용하는 것이 올바른 사용 방법이다.​ ■ 양축(兩軸) 릴 - 장구통 모양의 스풀이 회전하는 형태   생김새 때문에 장구통 릴 또는 드럼 릴 등으로도 불리는 둥근 모양의 릴이다. 용도에 따라 몇 가지로 구분하지만 낚싯줄이 저장되는 스풀 자체가 회전하면서 낚싯줄이 풀리거나 감기도록 된 구조는 다 똑같다. 채비를 수직으로 풀어 내리는 외줄낚시에 주로 사용되지만 갯바위 돌돔낚시처럼 채비를 멀리 던질 수 있는 용도로 제작된 종류도 있다. 스피닝 릴이 낚싯대 아래쪽에 부착되는 것과는 달리 양축 릴은 낚싯대의 위쪽에 부착하게 된다. 대부분 핸들이 오른쪽에 달려 있어서 낚시를 할 때 왼손으로는 낚싯대를 쥐고 오른손으로 이 핸들을 잡아 돌리도록 되어 있다.스피닝 릴과는 달리 핸들을 돌리면 곧장 스풀이 회전하면서 낚싯줄이 감기게 되므로 무거운 채비나 중량급 어종을 상대하기에 유리한 기능이 양축 릴의 특징이다.     ▶ 베이트캐스팅 릴과 서프캐스팅 릴 - 두 가지 다 채비를 수직으로 풀어 내리는 용도 외에도 멀리 던질 수 있도록 만들어진 양축 릴이다. 이 가운데 베이트캐스팅 릴(bait casting reel)은 소형으로 민물 배스낚시에 주로 사용되는데, 바닷가 연안에서 우럭이나 넙치를 루어로 낚는 록피시(rock fish) 낚시에 사용한다. 이와는 달리 서프캐스팅 릴(surf casting reel)은 돌돔낚시나 대물 갯바위낚시에서 사용하는 대형 양축 릴을 이르는 말이다. 두 가지 모두 캐스팅 시에 스풀의 회전 관성을 제어하는 브레이크 장치(원심 브레이크, 마그네틱 브레이크 등)가 필수적으로 부착되어 있다.     ▶ 외줄낚시용 릴 - 양축 릴의 기본형. 채비를 멀리 던지지 않고 그냥 슬쩍 던져 수직으로 풀어 내리는 선상 외줄낚시에 사용되는 릴이다. 연근해 볼락·열기 외줄낚시의 경우는 스피닝 릴이 오히려 편리할 때도 있으나, 아주 무거운 봉돌을 사용하거나 수심이 매우 깊은 심해에서도 성행되는 우럭낚시의 경우는 아무래도 양축 릴이 우선시된다. 외줄낚시 전용 양축 릴을 서구에서는 컨벤셔널 릴(conventional reel)이라고 부른다. 구조가 간단하고 감아 들이는 힘도 강하게 만들어져 있다. 과거에는 외줄낚시용 릴을 이르는 일본말 그대로 도즈키(胴突) 릴이라고 부르기도 했다.    ▶ 지깅 릴 - 내구성을 우선한 것으로 강력한 힘을 자랑하는 릴이다. 외형과 기능은 일반 외줄낚시용 릴과 별반 다를 바 없지만, 루어낚시의 일종인 지깅(jigging)에 적합하도록 개발된 릴이다. 외줄낚시용 릴보다 기어비(比)가 높아 신속하게 감아 들일 수 있고, 대상어인 부시리 등의 끌힘을 상대하는 만큼 드랙도 보다 강력한 힘을 지니는 것이 큰 차이점이다. 낚시 장비를 혹사하는 지깅에 적합하도록 내부 기어는 물론 몸체와 핸들이 매우 견고하게 만들어져 있다.     ▶ 전동(電動) 릴 - 깊은 수심의 심해 외줄낚시에서 채비를 감아올릴 때 편리하고, 또한 깊은 수심에서 걸려든 물고기를 감아올리는 수고를 덜어주도록 전기모터에 의한 자동 감김 장치가 부착되어 있는 릴이다. 우럭낚시나 대구낚시에는 필수품이 되어 일반적인 외줄낚시용 릴은 찾는 사람이 없어졌을 정도이다. 전원(電源)이 없을 경우에는 일반적인 외줄낚시용과 똑같다. 전원은 휴대용 배터리 또는 선박에 준비되어 있는 배터리에 전선으로 연결해 사용한다. 릴에 직접 부착하는 소형 배터리도 있다.      ▶기타 양축 릴 - 트롤링낚시에 사용하는 트롤링 릴, 일본식 감성돔 떨굼낚시용 릴 등이 있다.    ■ 릴 크기와 모델 번호 - 무게와 권사량 기준    어느 정도 크기의 릴을 사용할 것인가? 이때 고려해야 할 요소는 대상어의 크기, 낚시하는 수심, 캐스팅 거리 등이 해당된다. 릴을 대개 소형·중형·대형 3가지 크기로 적당히 나누긴 하지만, 릴의 실제 크기는 메이커마다 다르고 한 메이커에서도 다양한 크기의 릴이 7~8단계로 선보인다. 그 기준은 릴의 무게나 감기는 낚싯줄의 양에 좌우되는데 모델 번호가 이를 대신하는 경우가 더 많다. 크기를 나타내는 모델 번호는 <표>에 나타낸 것처럼 전 세계의 릴 시장을 거의 양분하다시피 하는 두 대기업이 서로 조금 다른데, 이 두 가지를 기억해 두면 도움이 될 것이다. ■ 고급 릴과 중저가 릴 - 어떤 제품을 구입할 것인가?   시중에 판매되는 릴은 유명 메이커 제품도 있고 전혀 알려지지 않은 메이커 제품도 있다. 쉽게 구분하자면 가격이 비싼 릴과 저렴한 제품으로 나눌 수 있다. 일반적으로 유명 메이커 또는 특정 메이커의 플래그십(flagship) 모델이 고가이자 고급품에 해당된다. 그렇다면 처음 릴을 구입할 때 어떤 기준으로 골라야 할까? 처음부터 고급 제품을 선택할 것인가, 아니면 저렴한 제품을 구입한 후 차차 업그레이드 해나갈 것인가를 고민해 봐야 한다. 고가의 릴과 중저가의 릴을 비교해 보면 구조는 동일한 것을 알 수 있다. 차이점은 몸체의 소재, 내부 기어의 소재, 볼베어링 사용 개수, 정밀도, 드랙 기능 등에 있다. 이는 릴의 내구성, 즉 튼튼함을 유지하면서 얼마나 오래 사용할 수 있는가에 관계가 있다. 이것이 처음 릴을 구입하는 데 참고해야 할 요소이다. 실제로 릴의 선택은 대상어의 종류, 낚시 기법 등에 좌우 된다. 예를 들자면 연안에서 한나절 가자미를 낚는다면 저렴한 릴을 사용해도 큰 문제가 없을 것이다. 그러나 지깅으로 부시리를 노린다면 강력한 파워와 정밀한 드랙이 장치된 내구성이 좋은 고급 릴이 필수적이다.   ■ 릴에 낚싯줄 감기 - 많아도 탈, 너무 적어도 탈!     먼저 낚싯줄을 낚싯대의 가이드에 통과시킨 후 스풀에 묶는다. 낚싯줄에 적당한 장력을 유지하면서 릴의 핸들을 돌려 감는다. 혼자 하기는 어려우므로 다른 사람의 도움을 받도록 하자.릴에 감는 낚싯줄의 양은 스풀에 넘쳐도 좋지 않고, 너무 모자라도 좋지 않으므로 스풀의 끝단에서 3~5mm 정도 모자라게 감는 것이 이상적이다. PE 낚싯줄의 경우는 감는 양에 더욱 주의해야 한다. 초보자는 조금 모자라게 스풀의 8부 정도 감는 것이 적당하다. ■ 릴과 낚싯대의 결합 및 올바른 파지법   릴은 낚싯대에 부착되어 있는 릴 시트를 이용해 결합시킨다. 스피닝 릴은 낚싯대의 아래에, 양축 릴은 낚싯대의 위쪽에 오도록 결합시킨다. 낚싯대에 장치된 릴 시트는 크게 두 가지 형식이다. 하나는 나사를 돌리듯 조여 고정시키는 스크루 시트 방식으로 외줄 낚싯대, 던질 낚싯대, 루어 낚싯대 등에 널리 사용되고 있다. 또 하나는 플레이트 릴 시트로서 갯바위 낚싯대에 주로 부착되어 있는 방식이다.     ▶스피닝 도구의 올바른 파지법 - 기본적으로 오른손잡이라면 오른손으로 낚싯대를 쥐고 왼손으로 릴을 돌린다. 캐스팅을 준비하는 경우에는 오른손으로 릴 시트 부위를 쥐되 릴의 다리가 중지와 약지 사이로 들어가게 하고, 엄지는 낚싯대 위쪽 정중선 위를 지그시 누른다. 왼손은 낚싯대의 맨 아랫부분을 지그시 움켜쥔다. 왼손잡이라면 반대다.      ▶양축 릴 도구의 올바른 파지법 - 스피닝 도구와 반대이다. 오른손잡이라면 왼손으로 낚싯대와 릴의 아랫부분을 쥐고 오른손으로 릴을 돌린다. 소형 베이트캐스팅 릴로 캐스팅을 하는 경우는 오른손으로 낚싯대 그립을 쥔 후 릴이 옆을 향하도록 손목을 90도 비틀고 엄지로 릴의 클러치 레버를 누른다. 왼손은 낚싯대의 맨 아랫부분을 지그시 움켜쥔다. 왼손잡이라면 반대다. 서프캐스팅 릴을 사용하는 돌돔낚시의 캐스팅 준비 자세는 또 다른 형태를 취해야 하는데, <돌돔낚시> 어종별 실전편을 참고 바란다.  ​  TIP 페더링(feathering)과 써밍(thumbing)     페더링(feathering)과 써밍은(thumbing)은 캐스팅할 때 릴에서 방출되어 나가는 낚싯줄의 양을 인위적으로 조절하거나, 과도하게 풀려 나가는 낚싯줄이 엉키는 현상을 방지하기 위한 기술이다. 페더링은 스피닝 릴을 사용할 때의 기술인데, 캐스팅을 한 후 루어를 따라 낚싯줄이 풀려져나가는 동안 검지를 펴 릴의 스풀 끝단에 살짝 대면서 풀려 나가는 낚싯줄에 저항을 주는 방법이다. 써밍은 베이트캐스팅 릴을 사용할 경우로, 캐스팅 이후 고속으로 회전하는 스풀을 엄지의 끝부분을 이용해 살짝살짝 마찰을 주어 회전에 제동을 거는 기술이다. 이들 기술의 첫 번째 목적은 풀려나가는 낚싯줄을 제어하여 루어가 수면에 떨어진 이후 낚싯줄이 과도하게 늘어지는 것을 방지(페더링)하거나, 관성으로 회전을 멈추지 않는 스풀을 멈추게 해(써밍) 낚싯줄이 엉키는 백래시를 방지하려는 것이다.두 번째는 적극적으로 낚싯줄의 방출량을 억제해 비거리를 조절하여 캐스팅의 정확도를 높이려는 것이다.   낚싯줄(Line) ∥ 소재와 용도로 구분물고기와 낚시인을 직접적으로 이어주는 것이 낚싯줄이다. 낚싯대나 릴이 없더라도 물고기를 낚을 수는 있지만 낚싯줄이 없다면 낚시가 성립되지 않는다. 가늘면서도 질긴 것이 좋은 낚싯줄의 조건으로, 화학섬유로 만들어진 낚싯줄의 등장으로 짧은 기간에 낚시는 비약적으로 발달했다. 통상적으로 낚싯줄은 크게 원줄과 목줄로 구분하여 사용한다. 원줄은 부드럽고 매끄러운 것이 유리하고 목줄은 마찰에 강하고 튼튼할 필요가 있다. 이와 같이 용도가 다양한 낚싯줄은 소재에 따라 종류가 구분된다.      ■ 낚싯줄의 종류 - 크게 나일론과 카본, PE 소재   과거 화학섬유가 개발되기 이전에는 말총과 견사(絹絲)·마사(麻絲) 등 천연섬유가 낚싯줄로 사용되었지만, 화학섬유의 등장으로 낚시의 판도가 바뀌기 시작했다. 특히 제2차 세계대전 시기에 등장한 나일론(폴리아미드)이 차츰 낚싯줄로 사용되기 시작하면서 비약적인 발전을 거듭했다고 해도 과언이 아니다. 현재 사용되고 있는 낚싯줄은 나일론·플로로카본·PE(폴리에틸렌) 소재 3가지가 주류를 이루고 있다.    ▶ 나일론 - 과거부터 사용돼 온 낚싯줄의 대명사로 가장 흔히 볼 수 있는 낚싯줄이다. 나일론(Nylon)이란 명칭은 1937년 폴리아미드(polyamid)를 처음으로 합성한 미국 듀퐁(Dupont)사의 상표명이 일상적으로 불리게 된 데에서 유래한다. 나일론은 발명되자마자 낚싯줄로 사용된 것은 아니지만, 낚싯줄의 소재로 채용되면서 이전까지 사용되던 다른 천연소재와 합성섬유 소재를 모두 밀어내고 낚싯줄의 주류가 되었다. 적당한 신축성과 강도를 갖고 있으며 염색도 자유롭고 가격도 저렴해 낚싯줄로서는 과거로부터 또 미래에도 최적의 소재라 할 수 있다.    ▶ 플로로카본 - 나일론에 비해 강도와 비중이 높아 목줄용으로 많이 사용된다. 원래 명칭은 ‘플루어로카본(fluorocarbon)’이지만 보통 카본줄 또는 플로로카본이라고 불리는 낚싯줄이다. 그냥 카본줄이라고 부르기는 하지만 탄소(카본)와는 관계없이 불소수지로 만들어진다. 나일론에 비해 단단하고 비중이 높아 잘 가라앉으며, 약한 하중에서는 잘 늘어나지 않으므로 입질 파악에 좋은 예민한 특성이 있다. 나일론이 부드러운 특성으로 원줄에 많이 사용된다면 플로로카본은 단단하므로 목줄로 많이 사용한다. 단점이라면 나일론보다 가격이 비싸고 자연계에서 분해가 되지 않아 공해를 유발한다.    ▶ PE - 합성섬유인 폴리에틸렌(polyethylene)의 분자구조를 바꾼 신소재, ‘초고분자량 폴리에틸렌(UHMWPE)’으로 만든 낚싯줄로 그냥 PE 줄이라고 부른다. 1990년대 이후 낚싯줄로 사용되기 시작한 낚싯줄 소재 중에서는 최신 제품이다. 다른 낚싯줄에 비해 3~5배 이상의 인장강도를 가지고 있는 데다가 신축성이 거의 없어 심해 낚시, 지깅 등 새로운 낚시장르를 만드는 기폭제 역할을 했다. 가격이 비싸지만 오래 사용할 수 있는 장점이 있는 대신 열에 약하고 마찰에도 약한 것이 단점이다.    ▶ 기타 소재 - 섬유가 아닌 금속을 이용한 낚싯줄로 와이어(wire)가 있다. 스테인리스, 티타늄, 니켈 등의 합금을 주성분으로 한다. 한 가닥의 단사와 여러 가닥을 꼰 합사, 전깃줄처럼 피복을 입힌 제품 등이 있다. 주로 돌돔이나 돗돔과 같은 대물낚시, 트롤링 등 이빨이 강한 대상어종에 사용한다. 참고로 민물 은어낚시에도 극세사(極細絲)용으로 와이어가 사용되기도 한다.   ■ 낚싯줄의 규격 - 동양에선 굵기, 서양에선 강도 표시     낚싯줄의 단위를 구분할 때는 굵기나 인장강도를 표시한다. 우리나라와 일본은 낚싯줄의 굵기를 기준으로 해서 호수(號)를 사용하고, 서양에서는 해당 낚싯줄이 얼마나 무거운 것을 매달 수 있는가를 기준으로 인장강도(引張强度), 즉 무게(파운드 혹은 킬로그램)를 사용해 표시한다. <표>에 정리한 것처럼 낚싯줄의 규격은 세계 공통표준이 아니라서 제조 메이커마다 낚싯줄 소재에 따라서 약간씩 차이를 보인다.   낚싯바늘(Hook) ∥ 대상 어종의 특성 고려해 제작 물고기의 입에 걸려 최종적으로 물고기를 낚게 해주는 역할을 하는 것이 낚싯바늘이다. 낚싯바늘은 물고기의 입에 잘 걸리도록 만들어져야 하는 것은 물론, 미끼가 잘 떨어지지 않아야 하며 튼튼하여 부러지거나 변형되지 말아야 한다. 이런 낚싯바늘은 종류가 무척이나 많은데, 낚고자 하는 대상어종의 특성에 알맞도록 개발되다 보니 물고기 종류만큼 낚싯바늘의 종류가 있다고 해도 과언이 아니다.     ■ 구조와 종류 - 대상 어종별로 명칭 부여   낚싯바늘의 구조 가운데 가장 중요한 요소는 바늘끝(point)과 미늘(barb) 그리고 귀(eye) 부분이다. 물고기를 단번에 잘 꿰기 위해서는 끝이 날카로워야 하며, 걸려든 물고기가 쉽게 빠져나가지 못하게 하기 위해서는 미늘이 있어야 하고, 바늘을 묶기 위해서는 귀 부분이 있어야 한다. <그림>에서 보듯 턱과 허리 부위의 길이 및 구부러지는 각도 또한 낚싯바늘의 형태를 구성하는 중요한 요소인데, 이들 모두는 대상어종의 특성을 고려해 여러 갈래로 만들어진다. 특히 바다낚시는 대상어종이 다양한 만큼 민물낚시에 비해 낚싯바늘의 종류도 매우 다양하다. 망상어와 같은 소형 어종을 낚는 작고 가벼운 것에서부터 다금바리를 낚는 크고 굵은 것까지, 낚싯바늘의 종류는 오늘도 새롭게 나타나고 있다. 그러나 바다낚시에 사용되는 낚싯바늘은 크게 일반 생미끼 낚시용과 가짜미끼를 사용하는 루어낚시용으로 구분할 수 있는데 명칭과 규격, 사용법 등이 판이하다.     ▶ 일반 미끼낚시용 바늘 - 다양한 종류의 낚싯바늘은 일본에서 만들어지고 이름 붙여진 것이 대부분으로, 각 대상어별로 형태와 기능이 세분되어 있다. 물고기의 입 구조와 사용하는 미끼의 종류를 참조하여 개발하는 등, 대상어에 최적인 전용 낚싯바늘이라고 할 수 있다. 감성돔바늘·농어바늘·망상어바늘·돌돔바늘 등등의 이름을 가지고 있으며 같은 감성돔바늘이라도 크릴용, 조갯살용, 방파제용 등 미끼 종류나 기법으로도 세분된다.     ▶ 루어낚시용 바늘 - 서양에서 시작된 루어낚시인 만큼 여기에 사용하는 낚싯바늘은 구조가 미끼낚시용과는 많이 다르다. 미끼를 부착시키기보다는 루어의 일부로서 장치되는 바늘로, 바늘귀 대신 고리(훅 아이)가 있다. 싱글 훅(single hook), 더블 훅(double hook), 트레블 훅(treble hook) 등 형태별로 나뉜다.     ■ 낚싯바늘의 규격(크기) - 메이커별로 기준 차이    바늘의 크기는 호수로 나타낸다. 그러나 각 메이커마다 조금씩 다른 기준을 나타내고 있어서 통일된 기준이 없는 것이 현실이다. 서로 다른 메이커가 크기별로 비슷한 호수를 사용하는 경우도 있지만 같은 메이커 제품 중에는 낚싯바늘의 종류(형태)별로 완전히 다른 기호로써 크기를 나타내는 경우도 있다. 미끼낚시용 낚싯바늘은 호수가 커질수록 바늘 크기도 커지지만, 루어낚시용은 반대로 번호가 작아질수록 바늘 크기가 커진다. 또한 1호보다 큰 바늘이라면 1/0, 2/0…와 같은 표기를 하기도 한다.  INFO 케블라 낚싯줄   석유화학공업으로부터 탄생한 나일론(폴리아미드)은 분자구조를 다양하게 만들 수 있으므로 약간씩 성격이 다른 낚싯줄 생산이 가능하다. 나일론 분자를 변형시켜 만든 아라미드(aramid) 섬유라는 것이 있는데, 그중에 케블라(KevlarⓇ)라는 상품명으로 알려진 것이 있다. 마찰강도와 인장강도가 뛰어나 주로 방탄조끼 제조 등에 사용되는 강력한 섬유이다. 이를 바탕으로 합사를 제조하여 돌돔낚시의 목줄, 지깅낚시용 어시스트 훅의 목줄에 사용하고 있다. INFO 단사와 합사낚싯줄의 단면을 보면 크게 두 가지가 있는데 한 가닥인 단사(單絲)와 여러 가닥을 합쳐 꼬아 만든 합사(合絲)가 그것이다. 단사는 모노필라멘트(mono filament)라고 부르는 한 가닥의 끊임없는 긴 낚싯줄로, 흔히 보는 일반 낚싯줄이다. 나일론이나 플로로카본 소재의 낚싯줄이 이에 해당한다.합사는 아주 가느다란 줄을 여러 가닥 다발로 모아 꼬아 만든 줄을 말한다. PE 낚싯줄이 대표적이다. 돌돔낚시나 지깅용 목줄로 애용되는 케블라 줄도 합사이다.    봉돌(Sinker) ∥ 채비를 보내고 고정시키는 기능 봉돌은 채비의 일부로 무거운 중량을 가지고 있으므로 채비를 원하는 장소나 수심으로 보내는 역할을 한다. 채비를 멀리 던질 수 있게 해주고 빨리 가라앉도록 하며, 미끼가 원하는 장소에서 움직이지 않도록 고정해 주는 역할도 한다. 봉돌은 부피에 비해 무게가 무거울수록 유리하므로 비중이 높은 납이 주재료가 되어 왔지만, 공해물질인 납을 대신할 새로운 소재로 점차 바뀌고 있다. ■ 봉돌의 소재와 종류   봉돌의 재료는 낚시 장르를 막론하고 납이 대부분을 차지한다. 비중이 크고 유연하여 가공하기 쉽고 값 또한 저렴하기 때문이다. 그러나 납은 인체에 치명적인 공해물질로 세계적으로 사용이 규제되고 있는 추세인 만큼 언젠가는 납으로 만든 봉돌은 퇴출되어야 할 대상이기도 하다. 납을 대신할 수 있는 소재로는 황동·철·텅스텐 합금·세라믹 등이 있는데, 외줄낚시에는 이미 철로 만든 봉돌이, 루어낚시의 경우에는 황동과 텅스텐 합금 제품 등이 사용되고 있을 정도다.봉돌은 채비의 어떤 부위에 설치하느냐, 또는 낚싯줄에 어떻게 부착하느냐에 따라 종류가 나뉜다. 대표적으로는 가운데에 낚싯줄이 통과할 수 있도록 구멍이 뚫린 구멍봉돌, 철사가 결합된 편대 봉돌, 고리가 달린 고리봉돌, 도래와 봉돌이 결합된 도래봉돌이 있는가 하면, 낚싯줄에다 직접 고정시키는 조개봉돌, 좁쌀봉돌도 있다.   ■ 봉돌의 규격은 호수 또는 무게로 표시    봉돌은 호수나 기호를 사용해 무게를 표시한다. 구멍봉돌·고리봉돌·조개봉돌 등은 호수로 표시되며, 루어낚시에 사용되는 봉돌은 대부분 그램(g) 또는 온스(oz.) 단위의 무게로 표시된다. 특이한 것은 갯바위 찌낚시에 사용되는 좁쌀봉돌의 경우는 그 무게(비중)를 찌의 부력표시와 같은 기호(B, 2B 등)로 나타내기도 한다. 물론 부력이 아니라 그만한 부력에 맞서는 무게를 뜻하는 것인데, 참고로 B로 표기된 좁쌀봉돌 2개를 합치면 2B의 무게가 되느냐 하면 그렇지 않으므로 찌의 부력에 맞춰 사용할 때 상당히 주의해야 한다. 자세한 수치는 <표>를 참고하기 바란다.   찌(Float) ∥ 채비를 이끌고 어신을 전달하는 기능찌는 어신을 알려주는 역할이 주된 기능이지만 경우에 따라서는 채비를 멀리 운반시키는 역할, 물속 채비의 상태를 알려주는 역할도 한다. 더욱이 종류에 따라서는 채비와 미끼가 원하는 수심에 머물도록 하는 기능, 복잡한 조류에 동조하도록 하는 기능을 갖는 것도 있다. 찌의 종류는 다양해서 대상어와 구사하는 기법에 따라 사용법 또한 달라진다. ■ 모양과 기능에 따라 종류 구분   찌는 형태, 기능, 용도에 따라 여러 가지로 구분할 수 있다. 대상어, 낚시기법, 낚시터 환경에 따라 적합한 찌가 있다. 상황에 알맞은 찌를 선택하기 위해서는 각각의 특성을 이해하고 선택할 수 있는 능력을 길러야 한다.   ▶ 막대찌 - 긴 막대 모양을 한 찌이다. 다른 형태의 찌보다 감도가 좋고 눈에 잘 보이며 약한 입질도 파악하기 쉬운 장점이 있지만, 바람이 세거나 수면에 파도가 이는 경우에는 사용하기 어려운 것이 단점이다.   ▶ 구멍찌 - 낚싯줄이 찌 몸통을 통과하도록 구멍이 뚫려 있으며 대체로 둥근 형태이다. 주요 인기어종을 노리는 갯바위 찌낚시용의 대세를 이룬다. 바람·파도·조류 등 어떠한 상황에서도 사용하기 용이한 찌로 분류된다.    ▶ 고리찌 - 설치와 교환이 간편한 원터치 형태가 특징. 찌를 낚싯줄에 고정시키기 위한 고리가 부착되어 있는 것으로, 채비를 자르지 않고 탈착이 간편한 것이 장점이다. 고리는 단순한 금속고리인 경우도 있고 회전이 되는 도래 형식으로 된 것도 있다. 낚싯줄에는 고정용 부품을 사용하거나 스냅도래를 이용한다. 막대찌에 고리가 부착된 형태, 둥근 원추형 찌에 고리가 부착된 형태 등 다양하다.    ▶ 던질찌 - 포인트가 먼 거리에 위치해 채비를 원거리까지 투척하기 위해 사용하는 찌이다. 구멍찌나 고리찌 형태지만 크고 무겁다. 채비 원투가 주요 기능인 던질찌만으로는 입질을 파악하기 힘들므로 입질을 알 수 있는 어신찌를 따로 앞쪽에 부착해 사용한다.      ▶ 어신찌 - 던질찌와 세트로 사용하여 별도로 입질 파악을 담당하는 기능을 지닌 소형 찌이다. 던질찌 앞쪽에 장치한다. 대부분 작은 구슬 형태 또는 원추 형태를 띤다.    ▶ 수중찌 - 비중이 높아 물속으로 가라앉는 찌로, 입질을 파악하기 위한 찌가 아니다. 봉돌처럼 채비가 가라앉도록 하는 역할을 한다. 물속에 드리워진 채비가 조류를 잘 타도록 해주며 미끼를 움직여주는 역할도 하고, 수심을 일정하게 유지하며 속조류의 방향을 읽을 수 있도록 해주는 역할까지 하는 찌이다. 가벼운 채비를 원투하는 데도 도움을 준다.   ▶ 전지(電池)찌 - 야간에도 잘 보이도록 찌 내부에 발광장치(발광다이오드)가 설치된 찌이다. 건전지(리튬전지)를 넣어 사용한다. 형태는 막대찌, 구멍찌 등 여러 가지가 있다. 발광장치의 무게나 부피로 인해 예민함이 일반 찌보다 떨어지고 가격도 비싼 단점이 있다. 이로 인해 근년 들어서는 일반 찌에 케미컬라이트나 삽입형 LED라이트를 꽂아 사용하는 경우가 늘어나면서 전지찌의 사용 빈도는 줄어들었다.    ▶ 염주찌 - 염주 형태의 둥근찌가 작은 크기부터 차례로 4~5개 연결되어 있는 찌이다. 입질이 오면 떠 있는 찌의 개수가 줄어들거나 늘어난다. 학공치낚시에 주로 사용되며 망상어낚시에도 활용된다.   ■ 찌의 부력을 나타내는 기준은?    바다낚시용 찌는 부력을 기호로 표시한다. 기호의 의미는 해당하는 무게의 채비를 달고 떠 있을 수 있는 부력을 의미한다. 그런데 찌를 활용하는 낚시 기법이 갈수록 새롭게 등장함에 따라 찌 자체가 바닷물과 비중이 비슷하거나(제로찌), 서서히 가라앉는(잠수찌) 등 부력을 없앤 찌도 등장하였다. 이런 찌의 경우는 부력 표시의 기호가 0이거나 마이너스(-)로 표시된다. INFO 자립(自立)찌란?자립찌란 스스로 서 있다는 이름 그대로, 물에 띄웠을 때 혼자 바로 서서 떠 있는 찌를 말한다. 찌의 몸통 하단부에 추가 내장돼 있어 수면에서 스스로 똑바로 서있을 수 있는 것이다.자립찌가 아닌 일반 찌는 부력에 상응한 봉돌을 따로 부착해 채비가 정렬되어야만 비로소 수면에서 바로 서게 된다.         바다낚시에 필요한 기타 소품 바다낚시의 채비를 완성시키기 위해서는 눈에 크게 띄지는 않아도 필수적으로 사용해야 하는 소품들이 있다. 또한 물고기를 무사히 낚고 보관하는 데 필요한 도구도 있고, 낚시인의 안전을 위해 필요한 도구도 있다. 이들을 적절히 활용해야 조과도 풍성하고 불편함도 없는 성공적인 낚시가 완성된다.   ▶ 도래와 스냅 - 낚싯줄끼리의 연결, 특히 원줄과 목줄을 연결할 때 꼬임 방지를 위해 사용하는 것이 도래이다. 상하 고리가 회전하여 꼬임을 방지한다. 스냅은 고리가 부착된 봉돌이나 루어, 찌 등을 채비에 연결하기 편리한 소품이다. 도래와 스냅은 용도에 따라 크기와 형태가 다양하다. 도래와 스냅이 합쳐진 스냅도래도 있다.     ▶ 스플릿 링(split ring) - 주로 루어에 부착되는데, 루어와 바늘을 연결하거나 낚싯줄과 루어를 연결하는 부품으로 사용된다. 루어의 부속 중 하나로만 생각하고 대수롭지 않게 여기기도 하지만 파손되기 쉬우므로 낚시 도중에 자주 검사하여 변형이 발견되면 주저 없이 교환해야 한다.     ▶ 완충 고무, 구슬 - 구멍봉돌과 도래 또는 구멍찌와 도래 사이에 넣는 작은 보조 도구이다. 채비를 캐스팅 할 때 무거운 봉돌이나 찌가 움직여서 발생하는 충격을 흡수하여 낚싯줄의 매듭을 보호하는 기능을 한다.    ▶ 뜰채 - 끌어온 물고기를 안전하게 들어 올리는 그물망이 달린 도구이다. 대물이 낚였을 경우, 발판이 높은 장소, 가는 목줄을 사용하는 경우일수록 필수품이다. 배낚시의 경우는 선장이 준비해 둔 것을 사용해도 되지만, 갯바위낚시나 방파제낚시의 경우에는 개인적으로 준비돼 있어야 한다.    ▶ 밑밥 품질용 도구 - 갯바위나 방파제에서 밑밥을 사용하며 찌낚시를 할 때 필요한 도구이다. 밑밥통·미끼통·밑밥주걱·두레박 등이 필요하다.   ▶ 아이스박스 - 미끼나 낚은 물고기의 신선한 보관 등에 유용하다. 물고기의 크기, 낚시 일정을 고려하여 적당한 용량(크기)을 선택해야 한다. 낚시용 아이스박스는 물고기 투입구, 미끼 보관통, 물 배출구가 설치되어 있어 보다 편리하다. 밀폐된 아이스박스는 물에 뜨므로 비상시에 구명동의 대용으로도 사용할 수 있다.   ▶ 각종 가방 및 케이스 - 낚싯대와 뜰채가 수납되는 가방, 릴과 각종 도구를 수납할 수 있는 갯바위낚시용 백, 찌를 담을 수 있는 찌 케이스, 그밖에 바늘·조개봉돌·도래 등 각종 소품을 담을 수 있는 다양한 크기의 수납용기가 있다.   ▶ 플라이어 - 이빨이 날카로운 물고기의 입에서 바늘을 뺄 때, 굵은 낚싯줄을 절단할 때 등 다목적으로 사용할 수 있는 필수 도구이다.    ▶ 케미컬라이트, LED라이트 - 밤낚시 필요한 빛을 발하는 소품이다. 찌나 낚싯대 초리에 설치하여 입질의 파악이나 찌의 위치 확인 등에 사용한다. 굵기와 길이가 다양하여 용도에 맞도록 선택할 수 있다.    ▶ 시판용 완성채비 - 일일이 복잡하고 시간이 걸리는 채비를 직접 만들지 않고 미리 만들어져 있는 것을 구입해 사용할 수 있다. 열기낚시 채비, 고등어낚시 채비, 가자미낚시 채비, 우럭낚시 채비 등 주로 배낚시용에 많은데 전문 메이커 제품도 있고 현지의 낚시점에서 만들어 판매하는 것들도 있다.   바다낚시의 복장 낚시 준비는 낚싯대와 릴과 같은 도구만 챙겼다고 완료되는 것이 아니다. 날씨와 조류의 영향이 시시각각 변하는 바다낚시의 환경은 그야말로 변화무쌍하다. 실제로 간편하게 T셔츠에 운동화 차림으로 즐길 수 있는 낚시가 있는가 하면, 헬멧과 스파이크가 장착된 신발을 갖춰야 하는 낚시 분야도 있다. 상황에 알맞은 적절한 복장이 갖추어져야만 쾌적하고 안전한 낚시가 보장된다는 사실을 염두에 두어야 한다.    ▶ 방수 낚시복 - 바다라는 특수한 환경은 비는 물론 바람과 파도에 의한 물보라를 무릅쓰는 경우가 많다. 이때 방수성이 있는 복장은 필수 요건이다. 방수 낚시복은 단순한 우비일 수 있지만 비가 내리지 않을 때도 착용하는 경우가 많다. 특히 갯바위낚시나 배낚시에서는 통상 착용하는 낚시 유니폼의 성격을 갖고 있다. 가격이 비싸지만 방수투습 소재로 만든 낚시복의 경우, 외부는 비바람이 몰아쳐도 옷 안은 쾌적하다.    ▶ 갯바위 신발 - 험하고 미끄러운 갯바위에서 낚시를 할 때, 미끄러지지 않도록 밑창이 특수한 신발이다. 대부분 밑창에 펠트(felt), 스파이크 등이 부착돼 있다. 파도에도 젖지 않도록 방수 기능을 갖춘 제품도 있고 목이 긴 장화와 같은 구조를 한 갯바위 신발도 있다.      ▶ 구명동의(救命胴衣) - 보통 라이프재킷이나 구명조끼라 부른다. 안전사고 예방을 위해 배낚시에서는 착용이 의무화되어 있기도 하다. 물론 갯바위나 방파제에서도 착용을 잊지 말아야 할 필수품이다. 크게 고체식과 팽창식으로 구분된다. 고체식은 부력제가 내장돼 있고, 팽창식은 압축공기 봄베가 들어 있어 부풀어지는 것이다. 고체식은 대부분 베스트(조끼) 형태로 주머니가 많아 소품 휴대에 좋은 장점이 있다. 팽창식은 어깨걸이, 벨트, 파우치 형태 등이 있는데 가볍고 간편한 장점이 있다.   ▶ 편광 선글라스(polarized sunglasse) - 바다에서는 도시보다 자외선(UV)량이 많다. 강한 자외선으로부터 눈을 보호하기 위해 선글라스의 착용은 이미 상식이다. 여기에 더하여 렌즈에 편광필터가 부착된 편광 선글라스는 수면에 반사되는 빛을 편광화하여 난반사를 없애기 때문에 눈이 부시지 않고 물속이 잘 보이는 이점이 있다.    ▶ 모자와 장갑 - 모자의 역할은 강한 자외선과 열기의 차단, 머리 보호, 겨울철 보온에 있다. 여름용이라면 챙이 넓고 통풍이 잘 되는 것, 겨울용이라면 따뜻하고 습기가 차지 않는 것을 고른다. 또한 손의 보호도 중요하다. 바다라는 거친 환경에서 안전을 도모하는 것은 물론 겨울철 보온을 위해서 장갑의 착용은 필수적이다. 잘 젖지 않고 젖어도 빨리 마르는 소재가 좋은데, 목면이나 천연가죽 제품보다는 인조세무와 같은 재질이 좋다. 낚시 전용 장갑이 여러 가지 형태로 제품화 되어있다. 겨울철에는 방수 및 보온 위주로 선택한다.     ▶ 기타 액세서리 - 없으면 아쉽고 있으면 편리한 소품이 있다. 울퉁불퉁한 바닥에 편하게 앉을 수 있는 히프커버, 야간에 필수인 헤드랜턴, 조난 시에 도움을 주는 호루라기, 지깅에 필요한 로드 벨트(하네스) 등이 그것이다.  




글/사진 
									
										
										
											예조원
										
									
								
낚시채널 FTV에서 방송 프로그램을 진행하고, 낚시잡지에 글을 연재하며, 틈나는 데로 집에서 어탁작품을 하는 등 낚시와 더불어 살고 있는 낚시 선비로서 대학, 낚시단체의 강의를 하고, 낚시활동은 전국을 무대로 합니다.

									본 콘텐츠의 저작권은 저자 또는 제공처에 있음을 알려드립니다.
									또한 무단으로 콘텐츠를 이용하는 경우 저작권법 등에 따라 법적 책임을 질 수 있으니 유의하시기 바랍니다.
								



추천 추천


























이전글 이전글
다음글 다음글


목록









[바다]  에필로그1. 기본 장비 및 소품




[바다]  에필로그4. 바다낚시의 예절과 안전대책




[바다]  에필로그3. 미끼와 밑밥에 관한 상식




[바다]  에필로그2. 해류와 조류(물때)에 관한 상식




[바다]  제10장 어종 별 입질 형태와 끌어내기, 바람과 낚시"
